"address","categories/0","categories/1","categoryName","cid","city","countryCode","fid","imageUrl","isAdvertisement","isLocalGuide","language","likesCount","location/lat","location/lng","name","neighborhood","originalLanguage","permanentlyClosed","placeId","postalCode","price","publishAt","publishedAtDate","rating","responseFromOwnerDate","responseFromOwnerText","reviewId","reviewImageUrls/0","reviewImageUrls/1","reviewImageUrls/2","reviewImageUrls/3","reviewImageUrls/4","reviewImageUrls/5","reviewOrigin","reviewUrl","reviewerId","reviewerNumberOfReviews","reviewerPhotoUrl","reviewerUrl","reviewsCount","scrapedAt","searchString","stars","state","street","temporarilyClosed","text","textTranslated","title","totalScore","translatedLanguage","url","visitedIn"
"2053 Arnhem Hwy, Lambells Lagoon NT 0822, Australia","Corporate office","Tour agency","Corporate office","2761723820495890263","Lambells Lagoon","AU","0x2cc0a9ddb2f7d17f:0x26539d2eb8646757","https://lh3.googleusercontent.com/gps-cs-s/AC9h4nqtVZdlDKligj_OtnDJ6wtEe1rH8k6CmttQb_5cgf47_0TiZKpDHROucXINyGz_jSqskHfY5S4M0Co1kqlSoJIqICxRLUuT-LYwl3QWPp_a5y-UkdG69j68NZR-AFLr6OJGXocf=w408-h306-k-no","false","false","en","0","-12.6164333","131.2537318","Betty Bennet",,,"false","ChIJf9H3st2pwCwRV2dkuC6dUyY","0822",,"3 days ago","2025-09-18T13:14:34.629Z",,,,"Ci9DQUlRQUNvZENodHljRjlvT2pWTWFtWktSVVpPYURnM01HZERTMHBHTjNSc1ZIYxAB",,,,,,,"Google","https://www.google.com/maps/reviews/data=!4m8!14m7!1m6!2m5!1sCi9DQUlRQUNvZENodHljRjlvT2pWTWFtWktSVVpPYURnM01HZERTMHBHTjNSc1ZIYxAB!2m1!1s0x0:0x26539d2eb8646757!3m1!1s2@1:CAIQACodChtycF9oOjVMamZKRUZOaDg3MGdDS0pGN3RsVHc%7C%7C?hl=en","104775084951833401685","0","https://lh3.googleusercontent.com/a/ACg8ocKOiFkisIGaFY1YkOCJ5gEBTMZzlO00dIvU6QE9o8STONvf=s1920-c-rp-mo-br100","https://www.google.com/maps/contrib/104775084951833401685?hl=en","31","2025-09-22T03:31:37.090Z","Direct Detail URL: https://www.google.com/maps/place/Pudakul+Aboriginal+Cultural+Tours/@-12.6164333,131.2511569,17z/data=!4m8!3m7!1s0x2cc0a9ddb2f7d17f:0x26539d2eb8646757!8m2!3d-12.6164333!4d131.2537318!9m1!1b1!16s%2Fg%2F11b66sm5jm?entry=ttu&g_ep=EgoyMDI1MDkxNy4wIKXMDSoASAFQAw%3D%3D","5","Northern Territory","2053 Arnhem Hwy","false",,,"Pudakul Aboriginal Cultural Tours","4.7",,"https://www.google.com/maps/search/?api=1&query=Pudakul%20Aboriginal%20Cultural%20Tours&query_place_id=ChIJf9H3st2pwCwRV2dkuC6dUyY",
"2053 Arnhem Hwy, Lambells Lagoon NT 0822, Australia","Corporate office","Tour agency","Corporate office","2761723820495890263","Lambells Lagoon","AU","0x2cc0a9ddb2f7d17f:0x26539d2eb8646757","https://lh3.googleusercontent.com/gps-cs-s/AC9h4nqtVZdlDKligj_OtnDJ6wtEe1rH8k6CmttQb_5cgf47_0TiZKpDHROucXINyGz_jSqskHfY5S4M0Co1kqlSoJIqICxRLUuT-LYwl3QWPp_a5y-UkdG69j68NZR-AFLr6OJGXocf=w408-h306-k-no","false","false","en","0","-12.6164333","131.2537318","Philippa Harvey",,"en","false","ChIJf9H3st2pwCwRV2dkuC6dUyY","0822",,"3 months ago","2025-06-04T07:54:11.463Z",,"2025-06-06T00:19:10.000Z","We are pleased you enjoyed the experience and glad you enjoyed the guides information and interaction. You're welcome back anytime! :) ","ChZDSUhNMG9nS0VMUEIzNmlmemNiakJ3EAE",,,,,,,"Google","https://www.google.com/maps/reviews/data=!4m8!14m7!1m6!2m5!1sChZDSUhNMG9nS0VMUEIzNmlmemNiakJ3EAE!2m1!1s0x0:0x26539d2eb8646757!3m1!1s2@1:CIHM0ogKELPB36ifzcbjBw%7C%7C?hl=en","115399563678942588017","9","https://lh3.googleusercontent.com/a/ACg8ocIY809yM9HGaJ602svJPW-qCp46RuOFGrf3zNa6gBjPWP6u_g=s1920-c-rp-mo-br100","https://www.google.com/maps/contrib/115399563678942588017?hl=en","31","2025-09-22T03:31:37.090Z","Direct Detail URL: https://www.google.com/maps/place/Pudakul+Aboriginal+Cultural+Tours/@-12.6164333,131.2511569,17z/data=!4m8!3m7!1s0x2cc0a9ddb2f7d17f:0x26539d2eb8646757!8m2!3d-12.6164333!4d131.2537318!9m1!1b1!16s%2Fg%2F11b66sm5jm?entry=ttu&g_ep=EgoyMDI1MDkxNy4wIKXMDSoASAFQAw%3D%3D","5","Northern Territory","2053 Arnhem Hwy","false","Graham & Norma gave us really excellent insights into indigenous crafts, beliefs and social interactions. Norma is so knowledgeable about eco dyeing. I was very impressed and grateful for her information. We could have stayed there for much longer. Make sure you allow yourselves plenty of time to fully take advantage of the amazing amount of information they are willing to impart. Thank you both and your daughter so much for a really special morning.",,"Pudakul Aboriginal Cultural Tours","4.7",,"https://www.google.com/maps/search/?api=1&query=Pudakul%20Aboriginal%20Cultural%20Tours&query_place_id=ChIJf9H3st2pwCwRV2dkuC6dUyY",
"2053 Arnhem Hwy, Lambells Lagoon NT 0822, Australia","Corporate office","Tour agency","Corporate office","2761723820495890263","Lambells Lagoon","AU","0x2cc0a9ddb2f7d17f:0x26539d2eb8646757","https://lh3.googleusercontent.com/gps-cs-s/AC9h4nqtVZdlDKligj_OtnDJ6wtEe1rH8k6CmttQb_5cgf47_0TiZKpDHROucXINyGz_jSqskHfY5S4M0Co1kqlSoJIqICxRLUuT-LYwl3QWPp_a5y-UkdG69j68NZR-AFLr6OJGXocf=w408-h306-k-no","false","true","en","0","-12.6164333","131.2537318","Alice Kimberley",,"en","false","ChIJf9H3st2pwCwRV2dkuC6dUyY","0822",,"a year ago","2024-08-14T11:52:40.843Z",,,,"ChdDSUhNMG9nS0VJQ0FnSUM3c29HLTdBRRAB","https://lh3.googleusercontent.com/geougc-cs/AB3l90D8nk7AYWTuCp-o_wh5j9O9RnJ1tm2MiWtyaVHJxglp41c8NTIvYICFynGmRK_fk9ruqQt6r_gEFVmf5lOLO61pEKBiATIfFLz1pqeHY9Ow2t7SY-eq3W04ThnJyGP_78hCnIY","https://lh3.googleusercontent.com/geougc-cs/AB3l90DjZrWJuG5Q9FmKUF2P1HKq3HFmcxYI1pS-0PcaMsEgw_Zt2PO937tpDG_YJ56n1W9K8wA-ZRnIiOsXp3XRSco40PtY_80x1YeAKLVQQESIo9iX8QPT7bWrYR0hM225UmUasePf6g","https://lh3.googleusercontent.com/geougc-cs/AB3l90BViQpJqPWBSvSGKK-0ipHwMwATqe9q4n1G8Rwp0juXJpaCk4Rr4lCbwOoxw17cfcCdwTc3n8teG1wPhOCj58sw-hbQlYick1RS-y_Zv03gGL4VA45CMZifjPofu_P71oCoAPc","https://lh3.googleusercontent.com/geougc-cs/AB3l90AnpAWarYxx_4x8cvTx-c4lyeMask4Htbvc4SsQ2f-46ose-mICnFw21UP2OpHpE-8mr-H7OJPHvkbuhA2t_yXFapQJ4NoBD2Mw_16i0dU_Z6NnQbpSHd26E8Rztn7ApUPHxS3psg","https://lh3.googleusercontent.com/geougc-cs/AB3l90C8RcMyiLYQWQRsPhHpYwak0ZOJWWGqyC80yf5oZgIVwe_p-Np-oKFgva4nM4_a8WSjA67msj3PYn3dI3TLcRkZ4UGcvJEBY86nuITtmdZ0Hn8xXQ7pqLfholJfKcYFogQNIY4h","https://lh3.googleusercontent.com/geougc-cs/AB3l90DVVD7jjREkAVCToSWyoQ95IQJ748sN8Ewykjqmonl2kN463WxQEAAIc1dHFfN4stEIOl4qmcBAcfFyJTb1SSDD3Y6KMTE9kzRGoKxndXo_AZEUkwV5q_UCC-I8JBT0478IS8XvwA","Google","https://www.google.com/maps/reviews/data=!4m8!14m7!1m6!2m5!1sChdDSUhNMG9nS0VJQ0FnSUM3c29HLTdBRRAB!2m1!1s0x0:0x26539d2eb8646757!3m1!1s2@1:CIHM0ogKEICAgIC7soG-7AE%7C%7C?hl=en","105103998008783399984","62","https://lh3.googleusercontent.com/a-/ALV-UjUEBOX1dB2kLATNSQWzYhg4GYeD_yIysiS-ZEVb8qj32qrS6Nes=s1920-c-rp-mo-ba4-br100","https://www.google.com/maps/contrib/105103998008783399984?hl=en","31","2025-09-22T03:31:37.090Z","Direct Detail URL: https://www.google.com/maps/place/Pudakul+Aboriginal+Cultural+Tours/@-12.6164333,131.2511569,17z/data=!4m8!3m7!1s0x2cc0a9ddb2f7d17f:0x26539d2eb8646757!8m2!3d-12.6164333!4d131.2537318!9m1!1b1!16s%2Fg%2F11b66sm5jm?entry=ttu&g_ep=EgoyMDI1MDkxNy4wIKXMDSoASAFQAw%3D%3D","5","Northern Territory","2053 Arnhem Hwy","false","Most beautiful homeland. Definitely worth visiting. Graham is so intelligent, generous with his wisdom and life experience",,"Pudakul Aboriginal Cultural Tours","4.7",,"https://www.google.com/maps/search/?api=1&query=Pudakul%20Aboriginal%20Cultural%20Tours&query_place_id=ChIJf9H3st2pwCwRV2dkuC6dUyY",
"2053 Arnhem Hwy, Lambells Lagoon NT 0822, Australia","Corporate office","Tour agency","Corporate office","2761723820495890263","Lambells Lagoon","AU","0x2cc0a9ddb2f7d17f:0x26539d2eb8646757","https://lh3.googleusercontent.com/gps-cs-s/AC9h4nqtVZdlDKligj_OtnDJ6wtEe1rH8k6CmttQb_5cgf47_0TiZKpDHROucXINyGz_jSqskHfY5S4M0Co1kqlSoJIqICxRLUuT-LYwl3QWPp_a5y-UkdG69j68NZR-AFLr6OJGXocf=w408-h306-k-no","false","false","en","0","-12.6164333","131.2537318","glenn bennetts",,"en","false","ChIJf9H3st2pwCwRV2dkuC6dUyY","0822",,"a year ago","2024-08-14T03:19:23.937Z",,,,"ChZDSUhNMG9nS0VJQ0FnSUM3b29IekVBEAE",,,,,,,"Google","https://www.google.com/maps/reviews/data=!4m8!14m7!1m6!2m5!1sChZDSUhNMG9nS0VJQ0FnSUM3b29IekVBEAE!2m1!1s0x0:0x26539d2eb8646757!3m1!1s2@1:CIHM0ogKEICAgIC7ooHzEA%7C%7C?hl=en","105812787107864837796","1","https://lh3.googleusercontent.com/a/ACg8ocIc3LQJ1OWHXp_-W9oGgvYceRbR6Ld9iodrY0fYTMQVFnfs4A=s1920-c-rp-mo-br100","https://www.google.com/maps/contrib/105812787107864837796?hl=en","31","2025-09-22T03:31:37.090Z","Direct Detail URL: https://www.google.com/maps/place/Pudakul+Aboriginal+Cultural+Tours/@-12.6164333,131.2511569,17z/data=!4m8!3m7!1s0x2cc0a9ddb2f7d17f:0x26539d2eb8646757!8m2!3d-12.6164333!4d131.2537318!9m1!1b1!16s%2Fg%2F11b66sm5jm?entry=ttu&g_ep=EgoyMDI1MDkxNy4wIKXMDSoASAFQAw%3D%3D","5","Northern Territory","2053 Arnhem Hwy","false","Graham is so inspirational , if only there were hundreds more of him sharing their knowledge and wisdom .",,"Pudakul Aboriginal Cultural Tours","4.7",,"https://www.google.com/maps/search/?api=1&query=Pudakul%20Aboriginal%20Cultural%20Tours&query_place_id=ChIJf9H3st2pwCwRV2dkuC6dUyY",
"2053 Arnhem Hwy, Lambells Lagoon NT 0822, Australia","Corporate office","Tour agency","Corporate office","2761723820495890263","Lambells Lagoon","AU","0x2cc0a9ddb2f7d17f:0x26539d2eb8646757","https://lh3.googleusercontent.com/gps-cs-s/AC9h4nqtVZdlDKligj_OtnDJ6wtEe1rH8k6CmttQb_5cgf47_0TiZKpDHROucXINyGz_jSqskHfY5S4M0Co1kqlSoJIqICxRLUuT-LYwl3QWPp_a5y-UkdG69j68NZR-AFLr6OJGXocf=w408-h306-k-no","false","true","en","0","-12.6164333","131.2537318","Carola Hinz",,"en","false","ChIJf9H3st2pwCwRV2dkuC6dUyY","0822",,"a year ago","2024-07-22T10:13:40.030Z",,,,"ChZDSUhNMG9nS0VJQ0FnSUNia08tUk1nEAE","https://lh3.googleusercontent.com/geougc-cs/AB3l90B7P3CntKvCseBbh_hrsucLVS6k6zDydrTDif7wDutmDdt7HUbzljqNKvJVmA0eNIluvYzf2O0mULEkRzUJE-hRLWBnY_ajAv_zwcnaHxF-sRpX3WXGc8GY8425KlWsIZshecbyhA","https://lh3.googleusercontent.com/geougc-cs/AB3l90A6UqazCwZqlDd3yI09U9bk7CqLAqe0kq-_W8OeA9kedjvIZnkVbraI11-Yp1zwbtkC30EpmkC8tEXjg8emxpAfnGyMufutnoX3Sjy4UidSSG0QUfUlGdSKeGMzAOAgSSrcWBub",,,,,"Google","https://www.google.com/maps/reviews/data=!4m8!14m7!1m6!2m5!1sChZDSUhNMG9nS0VJQ0FnSUNia08tUk1nEAE!2m1!1s0x0:0x26539d2eb8646757!3m1!1s2@1:CIHM0ogKEICAgICbkO-RMg%7C%7C?hl=en","100474633021546209891","521","https://lh3.googleusercontent.com/a-/ALV-UjXxa4xaT5nkN5njYjvV4bNLBGvmrnS_ntG1uW2J079QX9RddZdM=s1920-c-rp-mo-ba5-br100","https://www.google.com/maps/contrib/100474633021546209891?hl=en","31","2025-09-22T03:31:37.090Z","Direct Detail URL: https://www.google.com/maps/place/Pudakul+Aboriginal+Cultural+Tours/@-12.6164333,131.2511569,17z/data=!4m8!3m7!1s0x2cc0a9ddb2f7d17f:0x26539d2eb8646757!8m2!3d-12.6164333!4d131.2537318!9m1!1b1!16s%2Fg%2F11b66sm5jm?entry=ttu&g_ep=EgoyMDI1MDkxNy4wIKXMDSoASAFQAw%3D%3D","2","Northern Territory","2053 Arnhem Hwy","false","Unfortunatelly closed without any information. May the reason could be a bush fire.
Hopefully everybody is fine.",,"Pudakul Aboriginal Cultural Tours","4.7",,"https://www.google.com/maps/search/?api=1&query=Pudakul%20Aboriginal%20Cultural%20Tours&query_place_id=ChIJf9H3st2pwCwRV2dkuC6dUyY",
"2053 Arnhem Hwy, Lambells Lagoon NT 0822, Australia","Corporate office","Tour agency","Corporate office","2761723820495890263","Lambells Lagoon","AU","0x2cc0a9ddb2f7d17f:0x26539d2eb8646757","https://lh3.googleusercontent.com/gps-cs-s/AC9h4nqtVZdlDKligj_OtnDJ6wtEe1rH8k6CmttQb_5cgf47_0TiZKpDHROucXINyGz_jSqskHfY5S4M0Co1kqlSoJIqICxRLUuT-LYwl3QWPp_a5y-UkdG69j68NZR-AFLr6OJGXocf=w408-h306-k-no","false","true","en","0","-12.6164333","131.2537318","J28",,"en","false","ChIJf9H3st2pwCwRV2dkuC6dUyY","0822",,"a year ago","2024-07-16T05:22:14.597Z",,,,"ChdDSUhNMG9nS0VJQ0FnSURyZ3RXUml3RRAB",,,,,,,"Google","https://www.google.com/maps/reviews/data=!4m8!14m7!1m6!2m5!1sChdDSUhNMG9nS0VJQ0FnSURyZ3RXUml3RRAB!2m1!1s0x0:0x26539d2eb8646757!3m1!1s2@1:CIHM0ogKEICAgIDrgtWRiwE%7C%7C?hl=en","115836036839474875516","36","https://lh3.googleusercontent.com/a/ACg8ocIY1iB6ttMCRkmZGmRaiF3JCMzQ3F36-H7Ajr5c8ZlaSUyv9w=s1920-c-rp-mo-ba3-br100","https://www.google.com/maps/contrib/115836036839474875516?hl=en","31","2025-09-22T03:31:37.090Z","Direct Detail URL: https://www.google.com/maps/place/Pudakul+Aboriginal+Cultural+Tours/@-12.6164333,131.2511569,17z/data=!4m8!3m7!1s0x2cc0a9ddb2f7d17f:0x26539d2eb8646757!8m2!3d-12.6164333!4d131.2537318!9m1!1b1!16s%2Fg%2F11b66sm5jm?entry=ttu&g_ep=EgoyMDI1MDkxNy4wIKXMDSoASAFQAw%3D%3D","5","Northern Territory","2053 Arnhem Hwy","false","Highly recommend this tour!!

It was a wonderfully peaceful and positive experience with humor and knowledge shared in equal parts.

Valuable insights were shared by Graham and Lynette and family on importance of caring for the land and animals. The tour included music, painting, plants, and weaving.
Something of interest for all ages and knowledge levels.",,"Pudakul Aboriginal Cultural Tours","4.7",,"https://www.google.com/maps/search/?api=1&query=Pudakul%20Aboriginal%20Cultural%20Tours&query_place_id=ChIJf9H3st2pwCwRV2dkuC6dUyY",
"2053 Arnhem Hwy, Lambells Lagoon NT 0822, Australia","Corporate office","Tour agency","Corporate office","2761723820495890263","Lambells Lagoon","AU","0x2cc0a9ddb2f7d17f:0x26539d2eb8646757","https://lh3.googleusercontent.com/gps-cs-s/AC9h4nqtVZdlDKligj_OtnDJ6wtEe1rH8k6CmttQb_5cgf47_0TiZKpDHROucXINyGz_jSqskHfY5S4M0Co1kqlSoJIqICxRLUuT-LYwl3QWPp_a5y-UkdG69j68NZR-AFLr6OJGXocf=w408-h306-k-no","false","true","en","0","-12.6164333","131.2537318","Stephen Cattanach",,"en","false","ChIJf9H3st2pwCwRV2dkuC6dUyY","0822",,"a year ago","2024-07-08T00:58:53.652Z",,,,"ChZDSUhNMG9nS0VJQ0FnSUNyb1pMVEZnEAE","https://lh3.googleusercontent.com/geougc-cs/AB3l90CjYMPuhPJGjG_m5XzN3J_4VVnRUgdF2CGRKXEy6VvX4MBXSsOuq3F-HQILeGiCNsUs9OTpWAYYe6U9MSzV58fS9Jo2hXwdOFaPHBawM-qBWnExwvk1O3RnmnuDerBxHcf5NJQI4g","https://lh3.googleusercontent.com/geougc-cs/AB3l90CxdGB03WlH_TBaMONyjr7sHR_t8yJovqnbjrPiyPoJnwJAvfo4tdlakE-Swj9UU699QZOMU9FL8fFlUWRKbFnq5N00YseykU5dT7lhjK4PAuHBt9ZLQnXOxnqBIOlVh2o6a-o",,,,,"Google","https://www.google.com/maps/reviews/data=!4m8!14m7!1m6!2m5!1sChZDSUhNMG9nS0VJQ0FnSUNyb1pMVEZnEAE!2m1!1s0x0:0x26539d2eb8646757!3m1!1s2@1:CIHM0ogKEICAgICroZLTFg%7C%7C?hl=en","111005389742407269330","20","https://lh3.googleusercontent.com/a-/ALV-UjXUF9IfCK_6XXbiIDFW1-kRqGELte4z_Vv3wqmxINSTw2Eqr8w0xQ=s1920-c-rp-mo-ba2-br100","https://www.google.com/maps/contrib/111005389742407269330?hl=en","31","2025-09-22T03:31:37.090Z","Direct Detail URL: https://www.google.com/maps/place/Pudakul+Aboriginal+Cultural+Tours/@-12.6164333,131.2511569,17z/data=!4m8!3m7!1s0x2cc0a9ddb2f7d17f:0x26539d2eb8646757!8m2!3d-12.6164333!4d131.2537318!9m1!1b1!16s%2Fg%2F11b66sm5jm?entry=ttu&g_ep=EgoyMDI1MDkxNy4wIKXMDSoASAFQAw%3D%3D","5","Northern Territory","2053 Arnhem Hwy","false","Well worth the effort. Graham and his daughter and family are great communicators with a good sense of humour. Memorable and entertaining",,"Pudakul Aboriginal Cultural Tours","4.7",,"https://www.google.com/maps/search/?api=1&query=Pudakul%20Aboriginal%20Cultural%20Tours&query_place_id=ChIJf9H3st2pwCwRV2dkuC6dUyY",
"2053 Arnhem Hwy, Lambells Lagoon NT 0822, Australia","Corporate office","Tour agency","Corporate office","2761723820495890263","Lambells Lagoon","AU","0x2cc0a9ddb2f7d17f:0x26539d2eb8646757","https://lh3.googleusercontent.com/gps-cs-s/AC9h4nqtVZdlDKligj_OtnDJ6wtEe1rH8k6CmttQb_5cgf47_0TiZKpDHROucXINyGz_jSqskHfY5S4M0Co1kqlSoJIqICxRLUuT-LYwl3QWPp_a5y-UkdG69j68NZR-AFLr6OJGXocf=w408-h306-k-no","false","true","en","0","-12.6164333","131.2537318","Martin Evans",,"en","false","ChIJf9H3st2pwCwRV2dkuC6dUyY","0822",,"a year ago","2024-06-15T12:03:21.148Z",,,,"ChdDSUhNMG9nS0VJQ0FnSUNMNUlLX213RRAB",,,,,,,"Google","https://www.google.com/maps/reviews/data=!4m8!14m7!1m6!2m5!1sChdDSUhNMG9nS0VJQ0FnSUNMNUlLX213RRAB!2m1!1s0x0:0x26539d2eb8646757!3m1!1s2@1:CIHM0ogKEICAgICL5IK_mwE%7C%7C?hl=en","113772253176802775913","17","https://lh3.googleusercontent.com/a/ACg8ocKs705q5jB-HG17-cxXOP-yhlToEq9RvWNuXffUEhk4D-XkwQ=s1920-c-rp-mo-ba2-br100","https://www.google.com/maps/contrib/113772253176802775913?hl=en","31","2025-09-22T03:31:37.090Z","Direct Detail URL: https://www.google.com/maps/place/Pudakul+Aboriginal+Cultural+Tours/@-12.6164333,131.2511569,17z/data=!4m8!3m7!1s0x2cc0a9ddb2f7d17f:0x26539d2eb8646757!8m2!3d-12.6164333!4d131.2537318!9m1!1b1!16s%2Fg%2F11b66sm5jm?entry=ttu&g_ep=EgoyMDI1MDkxNy4wIKXMDSoASAFQAw%3D%3D","5","Northern Territory","2053 Arnhem Hwy","false","Graham was a fantastic host. The knowledge was awesome. The experience was a must. Not a token tourist attraction. This is the real deal.",,"Pudakul Aboriginal Cultural Tours","4.7",,"https://www.google.com/maps/search/?api=1&query=Pudakul%20Aboriginal%20Cultural%20Tours&query_place_id=ChIJf9H3st2pwCwRV2dkuC6dUyY",
"2053 Arnhem Hwy, Lambells Lagoon NT 0822, Australia","Corporate office","Tour agency","Corporate office","2761723820495890263","Lambells Lagoon","AU","0x2cc0a9ddb2f7d17f:0x26539d2eb8646757","https://lh3.googleusercontent.com/gps-cs-s/AC9h4nqtVZdlDKligj_OtnDJ6wtEe1rH8k6CmttQb_5cgf47_0TiZKpDHROucXINyGz_jSqskHfY5S4M0Co1kqlSoJIqICxRLUuT-LYwl3QWPp_a5y-UkdG69j68NZR-AFLr6OJGXocf=w408-h306-k-no","false","false","en","0","-12.6164333","131.2537318","Lucy Towers",,"en","false","ChIJf9H3st2pwCwRV2dkuC6dUyY","0822",,"a year ago","2024-03-31T23:02:06.120Z",,,,"ChdDSUhNMG9nS0VJQ0FnSUNEZ19fend3RRAB","https://lh3.googleusercontent.com/geougc-cs/AB3l90CsFkNsGJvjkUeAxQ5IqrDj5pv36-0T94LazMtSGuVcwQyhw-50ZFIK02DJtJ9xRFSzisPP5IoG6_aPHgMDVYivaXtCaxgxUwASXcl4nK0t3ycOA-04fvS90d7Vd3OAKhG4K4c","https://lh3.googleusercontent.com/geougc-cs/AB3l90AMacpyuU69qMK5VXBxsRPI_t090JRm8uKneQeB1Hs3rsidp_lS_VbgVwHjp-4bR87tuH9soS2Bvl6by5Y9bBFZLRcGePNyWSb1OCZoW7pvlT1ls_I17So4HDGrnghA8d2BsHRp","https://lh3.googleusercontent.com/geougc-cs/AB3l90Dg_pOTXrWT7DBoCSNgqjkkfWcfzqs5OQTARvut19x0nhb6_BvrgIzaEf2MKfHUpwUHf3ikgswRb89Pz-j8Jpk0RACkQsQ7Ry24RjwvFQEdm7n9DFfeF6u_Q7VrorecHNTLmdR6","https://lh3.googleusercontent.com/geougc-cs/AB3l90DmW29S5PcswRjIdO5tsBfXVEVacMpMgihVcFA3gv1EPrEetz5kbnJpOVuFDQbGp44N75Yw-KNpVxV588IGVXPY5Cg-fZB14zcnH54yvh_L1i6yC5k2HY7HXWqL5pydHGTHvsbu9g","https://lh3.googleusercontent.com/geougc-cs/AB3l90B3u95r2FGb4tmdivpVgbf3Td7kH2oJY7HnszJOoVv6P926AJ5Lp-wp0dWh2f0mVU77Yc2RJeqa8ke7WZIUwhYoDKkNEkzIQfY1LKGeu2Fgsd0Y22jUuYcJu8kAsA1gvVrAe64T",,"Google","https://www.google.com/maps/reviews/data=!4m8!14m7!1m6!2m5!1sChdDSUhNMG9nS0VJQ0FnSUNEZ19fend3RRAB!2m1!1s0x0:0x26539d2eb8646757!3m1!1s2@1:CIHM0ogKEICAgICDg__zwwE%7C%7C?hl=en","104906055833825977889","5","https://lh3.googleusercontent.com/a/ACg8ocJmSGwLW3BmX9xHxj-Xs0_cqLHT5GmMdRG8Pr3H35Oei7ybcQ=s1920-c-rp-mo-br100","https://www.google.com/maps/contrib/104906055833825977889?hl=en","31","2025-09-22T03:31:37.090Z","Direct Detail URL: https://www.google.com/maps/place/Pudakul+Aboriginal+Cultural+Tours/@-12.6164333,131.2511569,17z/data=!4m8!3m7!1s0x2cc0a9ddb2f7d17f:0x26539d2eb8646757!8m2!3d-12.6164333!4d131.2537318!9m1!1b1!16s%2Fg%2F11b66sm5jm?entry=ttu&g_ep=EgoyMDI1MDkxNy4wIKXMDSoASAFQAw%3D%3D","5","Northern Territory","2053 Arnhem Hwy","false","We are grateful for the time we got to spend at the sacred Pudakul site. Graham was very generous with his teachings to share his cultural knowledge and experiences with our large family group. Graham was very engaging with the kids, which further contributed to the enjoyment of the group. Graham’s daughter was also a wealth of knowledge and we loved her stories from the female perspective.
We all thoroughly enjoyed this tour, and would highly recommend as a must-do activity for anyone visiting Darwin.",,"Pudakul Aboriginal Cultural Tours","4.7",,"https://www.google.com/maps/search/?api=1&query=Pudakul%20Aboriginal%20Cultural%20Tours&query_place_id=ChIJf9H3st2pwCwRV2dkuC6dUyY",
"2053 Arnhem Hwy, Lambells Lagoon NT 0822, Australia","Corporate office","Tour agency","Corporate office","2761723820495890263","Lambells Lagoon","AU","0x2cc0a9ddb2f7d17f:0x26539d2eb8646757","https://lh3.googleusercontent.com/gps-cs-s/AC9h4nqtVZdlDKligj_OtnDJ6wtEe1rH8k6CmttQb_5cgf47_0TiZKpDHROucXINyGz_jSqskHfY5S4M0Co1kqlSoJIqICxRLUuT-LYwl3QWPp_a5y-UkdG69j68NZR-AFLr6OJGXocf=w408-h306-k-no","false","true","en","0","-12.6164333","131.2537318","Tarizma Kenyon",,"en","false","ChIJf9H3st2pwCwRV2dkuC6dUyY","0822",,"a year ago","2023-12-29T15:00:52.934Z",,,,"ChZDSUhNMG9nS0VJQ0FnSUMxdG9meUNBEAE",,,,,,,"Google","https://www.google.com/maps/reviews/data=!4m8!14m7!1m6!2m5!1sChZDSUhNMG9nS0VJQ0FnSUMxdG9meUNBEAE!2m1!1s0x0:0x26539d2eb8646757!3m1!1s2@1:CIHM0ogKEICAgIC1tofyCA%7C%7C?hl=en","111133410603005698967","11","https://lh3.googleusercontent.com/a/ACg8ocLCsIXoJAvSZd4CHHMRglE8xR6XvYxiC9wHRFJdvVYOw3a23g=s1920-c-rp-mo-ba2-br100","https://www.google.com/maps/contrib/111133410603005698967?hl=en","31","2025-09-22T03:31:37.090Z","Direct Detail URL: https://www.google.com/maps/place/Pudakul+Aboriginal+Cultural+Tours/@-12.6164333,131.2511569,17z/data=!4m8!3m7!1s0x2cc0a9ddb2f7d17f:0x26539d2eb8646757!8m2!3d-12.6164333!4d131.2537318!9m1!1b1!16s%2Fg%2F11b66sm5jm?entry=ttu&g_ep=EgoyMDI1MDkxNy4wIKXMDSoASAFQAw%3D%3D","5","Northern Territory","2053 Arnhem Hwy","false","Great cultural experience great for kids friendly guides",,"Pudakul Aboriginal Cultural Tours","4.7",,"https://www.google.com/maps/search/?api=1&query=Pudakul%20Aboriginal%20Cultural%20Tours&query_place_id=ChIJf9H3st2pwCwRV2dkuC6dUyY",
"2053 Arnhem Hwy, Lambells Lagoon NT 0822, Australia","Corporate office","Tour agency","Corporate office","2761723820495890263","Lambells Lagoon","AU","0x2cc0a9ddb2f7d17f:0x26539d2eb8646757","https://lh3.googleusercontent.com/gps-cs-s/AC9h4nqtVZdlDKligj_OtnDJ6wtEe1rH8k6CmttQb_5cgf47_0TiZKpDHROucXINyGz_jSqskHfY5S4M0Co1kqlSoJIqICxRLUuT-LYwl3QWPp_a5y-UkdG69j68NZR-AFLr6OJGXocf=w408-h306-k-no","false","true","en","0","-12.6164333","131.2537318","Rich A",,"en","false","ChIJf9H3st2pwCwRV2dkuC6dUyY","0822",,"2 years ago","2023-03-05T12:06:46.548Z",,,,"ChZDSUhNMG9nS0VJQ0FnSURoMHR6OFd3EAE",,,,,,,"Google","https://www.google.com/maps/reviews/data=!4m8!14m7!1m6!2m5!1sChZDSUhNMG9nS0VJQ0FnSURoMHR6OFd3EAE!2m1!1s0x0:0x26539d2eb8646757!3m1!1s2@1:CIHM0ogKEICAgIDh0tz8Ww%7C%7C?hl=en","116387868900956571902","349","https://lh3.googleusercontent.com/a-/ALV-UjWg88eDhyS9-_foqHQlMjbzYxG9v1nPJXrAXWf0Wo9hEiTuY2SuwQ=s1920-c-rp-mo-ba5-br100","https://www.google.com/maps/contrib/116387868900956571902?hl=en","31","2025-09-22T03:31:37.090Z","Direct Detail URL: https://www.google.com/maps/place/Pudakul+Aboriginal+Cultural+Tours/@-12.6164333,131.2511569,17z/data=!4m8!3m7!1s0x2cc0a9ddb2f7d17f:0x26539d2eb8646757!8m2!3d-12.6164333!4d131.2537318!9m1!1b1!16s%2Fg%2F11b66sm5jm?entry=ttu&g_ep=EgoyMDI1MDkxNy4wIKXMDSoASAFQAw%3D%3D","1","Northern Territory","2053 Arnhem Hwy","false","We called and booked a tour. Drove out and arrived early. Gate was locked and no one around. Called and they said no staff that day, so no tour … wasted our time. Not sure why they couldn’t at least notify us, so we could do something else.",,"Pudakul Aboriginal Cultural Tours","4.7",,"https://www.google.com/maps/search/?api=1&query=Pudakul%20Aboriginal%20Cultural%20Tours&query_place_id=ChIJf9H3st2pwCwRV2dkuC6dUyY",
"2053 Arnhem Hwy, Lambells Lagoon NT 0822, Australia","Corporate office","Tour agency","Corporate office","2761723820495890263","Lambells Lagoon","AU","0x2cc0a9ddb2f7d17f:0x26539d2eb8646757","https://lh3.googleusercontent.com/gps-cs-s/AC9h4nqtVZdlDKligj_OtnDJ6wtEe1rH8k6CmttQb_5cgf47_0TiZKpDHROucXINyGz_jSqskHfY5S4M0Co1kqlSoJIqICxRLUuT-LYwl3QWPp_a5y-UkdG69j68NZR-AFLr6OJGXocf=w408-h306-k-no","false","false","en","0","-12.6164333","131.2537318","Kerry Azzopardi",,"en","false","ChIJf9H3st2pwCwRV2dkuC6dUyY","0822",,"3 years ago","2022-07-28T12:02:34.951Z",,,,"ChdDSUhNMG9nS0VJQ0FnSUN1enRDei13RRAB",,,,,,,"Google","https://www.google.com/maps/reviews/data=!4m8!14m7!1m6!2m5!1sChdDSUhNMG9nS0VJQ0FnSUN1enRDei13RRAB!2m1!1s0x0:0x26539d2eb8646757!3m1!1s2@1:CIHM0ogKEICAgICuztCz-wE%7C%7C?hl=en","104512476040138588292","6","https://lh3.googleusercontent.com/a/ACg8ocIW9nZoRZQH0W7oxZhmJU1K8V9ktxEanpbgZXn0k5YIvYBKjw=s1920-c-rp-mo-br100","https://www.google.com/maps/contrib/104512476040138588292?hl=en","31","2025-09-22T03:31:37.090Z","Direct Detail URL: https://www.google.com/maps/place/Pudakul+Aboriginal+Cultural+Tours/@-12.6164333,131.2511569,17z/data=!4m8!3m7!1s0x2cc0a9ddb2f7d17f:0x26539d2eb8646757!8m2!3d-12.6164333!4d131.2537318!9m1!1b1!16s%2Fg%2F11b66sm5jm?entry=ttu&g_ep=EgoyMDI1MDkxNy4wIKXMDSoASAFQAw%3D%3D","5","Northern Territory","2053 Arnhem Hwy","false","Everyone who travels too Darwin should make the time to do this family run tour. Had the best day, learning just a small part of our national heritage. Informative, fun and extremely intersting. Thanks Graham and Deane, what treasures you are too your community",,"Pudakul Aboriginal Cultural Tours","4.7",,"https://www.google.com/maps/search/?api=1&query=Pudakul%20Aboriginal%20Cultural%20Tours&query_place_id=ChIJf9H3st2pwCwRV2dkuC6dUyY",
"2053 Arnhem Hwy, Lambells Lagoon NT 0822, Australia","Corporate office","Tour agency","Corporate office","2761723820495890263","Lambells Lagoon","AU","0x2cc0a9ddb2f7d17f:0x26539d2eb8646757","https://lh3.googleusercontent.com/gps-cs-s/AC9h4nqtVZdlDKligj_OtnDJ6wtEe1rH8k6CmttQb_5cgf47_0TiZKpDHROucXINyGz_jSqskHfY5S4M0Co1kqlSoJIqICxRLUuT-LYwl3QWPp_a5y-UkdG69j68NZR-AFLr6OJGXocf=w408-h306-k-no","false","true","en","0","-12.6164333","131.2537318","Henry Materne-Smith",,"en","false","ChIJf9H3st2pwCwRV2dkuC6dUyY","0822",,"3 years ago","2022-07-22T01:52:28.785Z",,,,"ChdDSUhNMG9nS0VJQ0FnSUN1dE5UODl3RRAB",,,,,,,"Google","https://www.google.com/maps/reviews/data=!4m8!14m7!1m6!2m5!1sChdDSUhNMG9nS0VJQ0FnSUN1dE5UODl3RRAB!2m1!1s0x0:0x26539d2eb8646757!3m1!1s2@1:CIHM0ogKEICAgICutNT89wE%7C%7C?hl=en","105037650372406174483","20","https://lh3.googleusercontent.com/a/ACg8ocKtBWpZoGmq0PzVOwn1ZWKKxwyW-TUffG8s-l3qyeJcrTwDYDg=s1920-c-rp-mo-ba2-br100","https://www.google.com/maps/contrib/105037650372406174483?hl=en","31","2025-09-22T03:31:37.090Z","Direct Detail URL: https://www.google.com/maps/place/Pudakul+Aboriginal+Cultural+Tours/@-12.6164333,131.2511569,17z/data=!4m8!3m7!1s0x2cc0a9ddb2f7d17f:0x26539d2eb8646757!8m2!3d-12.6164333!4d131.2537318!9m1!1b1!16s%2Fg%2F11b66sm5jm?entry=ttu&g_ep=EgoyMDI1MDkxNy4wIKXMDSoASAFQAw%3D%3D","5","Northern Territory","2053 Arnhem Hwy","false","Fascinating tour, great guides.",,"Pudakul Aboriginal Cultural Tours","4.7",,"https://www.google.com/maps/search/?api=1&query=Pudakul%20Aboriginal%20Cultural%20Tours&query_place_id=ChIJf9H3st2pwCwRV2dkuC6dUyY",
"2053 Arnhem Hwy, Lambells Lagoon NT 0822, Australia","Corporate office","Tour agency","Corporate office","2761723820495890263","Lambells Lagoon","AU","0x2cc0a9ddb2f7d17f:0x26539d2eb8646757","https://lh3.googleusercontent.com/gps-cs-s/AC9h4nqtVZdlDKligj_OtnDJ6wtEe1rH8k6CmttQb_5cgf47_0TiZKpDHROucXINyGz_jSqskHfY5S4M0Co1kqlSoJIqICxRLUuT-LYwl3QWPp_a5y-UkdG69j68NZR-AFLr6OJGXocf=w408-h306-k-no","false","false","en","0","-12.6164333","131.2537318","Alexander Watling",,"en","false","ChIJf9H3st2pwCwRV2dkuC6dUyY","0822",,"3 years ago","2022-07-02T01:39:16.448Z",,,,"ChZDSUhNMG9nS0VJQ0FnSURPOHQ2SFh3EAE",,,,,,,"Google","https://www.google.com/maps/reviews/data=!4m8!14m7!1m6!2m5!1sChZDSUhNMG9nS0VJQ0FnSURPOHQ2SFh3EAE!2m1!1s0x0:0x26539d2eb8646757!3m1!1s2@1:CIHM0ogKEICAgIDO8t6HXw%7C%7C?hl=en","102978358526717893649","8","https://lh3.googleusercontent.com/a-/ALV-UjVKbjhzR7OGgTuPWtfuSI20tnJwWOpAoCIAFs1Ljf6_UpwsZdT8IQ=s1920-c-rp-mo-br100","https://www.google.com/maps/contrib/102978358526717893649?hl=en","31","2025-09-22T03:31:37.090Z","Direct Detail URL: https://www.google.com/maps/place/Pudakul+Aboriginal+Cultural+Tours/@-12.6164333,131.2511569,17z/data=!4m8!3m7!1s0x2cc0a9ddb2f7d17f:0x26539d2eb8646757!8m2!3d-12.6164333!4d131.2537318!9m1!1b1!16s%2Fg%2F11b66sm5jm?entry=ttu&g_ep=EgoyMDI1MDkxNy4wIKXMDSoASAFQAw%3D%3D","5","Northern Territory","2053 Arnhem Hwy","false","A great experience at Pudakul! Staying there was amazing, great quality cabins and campground. Great cultural immersion, amazing food, insane activities and overall one of the best places I have ever stayed. Pool was amazing, perfect for the cool temperature. Selena and Cameron really put on a show for my group, they took hours of not days out of their time to help us and do whatever we needed them to. Sadly we did not get to see Graham too many times, it would have been great to hear his experiences as high ranking elder. Overall a great experience that i can look back on and say “Wow!”. This is the perfect place to bring family whether it’s a day trip or your staying. I would highly recommend visiting on your way to Kakadu National Park or in the area, you won’t regret it.",,"Pudakul Aboriginal Cultural Tours","4.7",,"https://www.google.com/maps/search/?api=1&query=Pudakul%20Aboriginal%20Cultural%20Tours&query_place_id=ChIJf9H3st2pwCwRV2dkuC6dUyY",
"2053 Arnhem Hwy, Lambells Lagoon NT 0822, Australia","Corporate office","Tour agency","Corporate office","2761723820495890263","Lambells Lagoon","AU","0x2cc0a9ddb2f7d17f:0x26539d2eb8646757","https://lh3.googleusercontent.com/gps-cs-s/AC9h4nqtVZdlDKligj_OtnDJ6wtEe1rH8k6CmttQb_5cgf47_0TiZKpDHROucXINyGz_jSqskHfY5S4M0Co1kqlSoJIqICxRLUuT-LYwl3QWPp_a5y-UkdG69j68NZR-AFLr6OJGXocf=w408-h306-k-no","false","true","en","0","-12.6164333","131.2537318","Georgia Rochester",,"en","false","ChIJf9H3st2pwCwRV2dkuC6dUyY","0822",,"3 years ago","2022-05-05T23:17:56.604Z",,,,"ChZDSUhNMG9nS0VJQ0FnSUQydUlyWEVnEAE",,,,,,,"Google","https://www.google.com/maps/reviews/data=!4m8!14m7!1m6!2m5!1sChZDSUhNMG9nS0VJQ0FnSUQydUlyWEVnEAE!2m1!1s0x0:0x26539d2eb8646757!3m1!1s2@1:CIHM0ogKEICAgID2uIrXEg%7C%7C?hl=en","108608351992967696352","21","https://lh3.googleusercontent.com/a/ACg8ocKHU91senvEI9VesDoLtYJDCby4vMfCt7Q8bEL0RIRLhHb72w=s1920-c-rp-mo-ba3-br100","https://www.google.com/maps/contrib/108608351992967696352?hl=en","31","2025-09-22T03:31:37.090Z","Direct Detail URL: https://www.google.com/maps/place/Pudakul+Aboriginal+Cultural+Tours/@-12.6164333,131.2511569,17z/data=!4m8!3m7!1s0x2cc0a9ddb2f7d17f:0x26539d2eb8646757!8m2!3d-12.6164333!4d131.2537318!9m1!1b1!16s%2Fg%2F11b66sm5jm?entry=ttu&g_ep=EgoyMDI1MDkxNy4wIKXMDSoASAFQAw%3D%3D","5","Northern Territory","2053 Arnhem Hwy","false","Great tour, great people. Would recommend.",,"Pudakul Aboriginal Cultural Tours","4.7",,"https://www.google.com/maps/search/?api=1&query=Pudakul%20Aboriginal%20Cultural%20Tours&query_place_id=ChIJf9H3st2pwCwRV2dkuC6dUyY",
"2053 Arnhem Hwy, Lambells Lagoon NT 0822, Australia","Corporate office","Tour agency","Corporate office","2761723820495890263","Lambells Lagoon","AU","0x2cc0a9ddb2f7d17f:0x26539d2eb8646757","https://lh3.googleusercontent.com/gps-cs-s/AC9h4nqtVZdlDKligj_OtnDJ6wtEe1rH8k6CmttQb_5cgf47_0TiZKpDHROucXINyGz_jSqskHfY5S4M0Co1kqlSoJIqICxRLUuT-LYwl3QWPp_a5y-UkdG69j68NZR-AFLr6OJGXocf=w408-h306-k-no","false","true","en","0","-12.6164333","131.2537318","Bronwyn Adams",,,"false","ChIJf9H3st2pwCwRV2dkuC6dUyY","0822",,"3 years ago","2021-09-26T04:23:49.548Z",,,,"ChdDSUhNMG9nS0VJQ0FnSUQ2eXBpQmpnRRAB",,,,,,,"Google","https://www.google.com/maps/reviews/data=!4m8!14m7!1m6!2m5!1sChdDSUhNMG9nS0VJQ0FnSUQ2eXBpQmpnRRAB!2m1!1s0x0:0x26539d2eb8646757!3m1!1s2@1:CIHM0ogKEICAgID6ypiBjgE%7C%7C?hl=en","103641359404169083656","4","https://lh3.googleusercontent.com/a/ACg8ocJI_XQArvrgtwdIN_pBd3hrx4Nm_3tisVHZo2UB8T8ikPRdo0WS=s1920-c-rp-mo-ba2-br100","https://www.google.com/maps/contrib/103641359404169083656?hl=en","31","2025-09-22T03:31:37.090Z","Direct Detail URL: https://www.google.com/maps/place/Pudakul+Aboriginal+Cultural+Tours/@-12.6164333,131.2511569,17z/data=!4m8!3m7!1s0x2cc0a9ddb2f7d17f:0x26539d2eb8646757!8m2!3d-12.6164333!4d131.2537318!9m1!1b1!16s%2Fg%2F11b66sm5jm?entry=ttu&g_ep=EgoyMDI1MDkxNy4wIKXMDSoASAFQAw%3D%3D","5","Northern Territory","2053 Arnhem Hwy","false",,,"Pudakul Aboriginal Cultural Tours","4.7",,"https://www.google.com/maps/search/?api=1&query=Pudakul%20Aboriginal%20Cultural%20Tours&query_place_id=ChIJf9H3st2pwCwRV2dkuC6dUyY",
"2053 Arnhem Hwy, Lambells Lagoon NT 0822, Australia","Corporate office","Tour agency","Corporate office","2761723820495890263","Lambells Lagoon","AU","0x2cc0a9ddb2f7d17f:0x26539d2eb8646757","https://lh3.googleusercontent.com/gps-cs-s/AC9h4nqtVZdlDKligj_OtnDJ6wtEe1rH8k6CmttQb_5cgf47_0TiZKpDHROucXINyGz_jSqskHfY5S4M0Co1kqlSoJIqICxRLUuT-LYwl3QWPp_a5y-UkdG69j68NZR-AFLr6OJGXocf=w408-h306-k-no","false","true","en","0","-12.6164333","131.2537318","Darwin Harbour Fishing Charters",,"en","false","ChIJf9H3st2pwCwRV2dkuC6dUyY","0822",,"4 years ago","2021-08-21T01:54:05.717Z",,,,"ChdDSUhNMG9nS0VJQ0FnSURhMXA3UV9RRRAB",,,,,,,"Google","https://www.google.com/maps/reviews/data=!4m8!14m7!1m6!2m5!1sChdDSUhNMG9nS0VJQ0FnSURhMXA3UV9RRRAB!2m1!1s0x0:0x26539d2eb8646757!3m1!1s2@1:CIHM0ogKEICAgIDa1p7Q_QE%7C%7C?hl=en","112346069605385303077","26","https://lh3.googleusercontent.com/a-/ALV-UjUB_C0K_9nD_VZ03sdhBOjMS3dpHHqPL-EyIp3hSzXTrqO0tvXB=s1920-c-rp-mo-ba3-br100","https://www.google.com/maps/contrib/112346069605385303077?hl=en","31","2025-09-22T03:31:37.090Z","Direct Detail URL: https://www.google.com/maps/place/Pudakul+Aboriginal+Cultural+Tours/@-12.6164333,131.2511569,17z/data=!4m8!3m7!1s0x2cc0a9ddb2f7d17f:0x26539d2eb8646757!8m2!3d-12.6164333!4d131.2537318!9m1!1b1!16s%2Fg%2F11b66sm5jm?entry=ttu&g_ep=EgoyMDI1MDkxNy4wIKXMDSoASAFQAw%3D%3D","5","Northern Territory","2053 Arnhem Hwy","false","Good event to go to learn more about first nation cultural affairs",,"Pudakul Aboriginal Cultural Tours","4.7",,"https://www.google.com/maps/search/?api=1&query=Pudakul%20Aboriginal%20Cultural%20Tours&query_place_id=ChIJf9H3st2pwCwRV2dkuC6dUyY",
"2053 Arnhem Hwy, Lambells Lagoon NT 0822, Australia","Corporate office","Tour agency","Corporate office","2761723820495890263","Lambells Lagoon","AU","0x2cc0a9ddb2f7d17f:0x26539d2eb8646757","https://lh3.googleusercontent.com/gps-cs-s/AC9h4nqtVZdlDKligj_OtnDJ6wtEe1rH8k6CmttQb_5cgf47_0TiZKpDHROucXINyGz_jSqskHfY5S4M0Co1kqlSoJIqICxRLUuT-LYwl3QWPp_a5y-UkdG69j68NZR-AFLr6OJGXocf=w408-h306-k-no","false","true","en","0","-12.6164333","131.2537318","Gabriel Sandino",,"en","false","ChIJf9H3st2pwCwRV2dkuC6dUyY","0822",,"4 years ago","2021-07-02T13:52:33.027Z",,,,"ChdDSUhNMG9nS0VJQ0FnSURxZ3Z6T3dRRRAB",,,,,,,"Google","https://www.google.com/maps/reviews/data=!4m8!14m7!1m6!2m5!1sChdDSUhNMG9nS0VJQ0FnSURxZ3Z6T3dRRRAB!2m1!1s0x0:0x26539d2eb8646757!3m1!1s2@1:CIHM0ogKEICAgIDqgvzOwQE%7C%7C?hl=en","117983319244972233231","23","https://lh3.googleusercontent.com/a-/ALV-UjU1d-CIO7dw_6ig9zH7NMN97H-xYMAXgD_IDf63_gze8AV3P8rU=s1920-c-rp-mo-ba2-br100","https://www.google.com/maps/contrib/117983319244972233231?hl=en","31","2025-09-22T03:31:37.090Z","Direct Detail URL: https://www.google.com/maps/place/Pudakul+Aboriginal+Cultural+Tours/@-12.6164333,131.2511569,17z/data=!4m8!3m7!1s0x2cc0a9ddb2f7d17f:0x26539d2eb8646757!8m2!3d-12.6164333!4d131.2537318!9m1!1b1!16s%2Fg%2F11b66sm5jm?entry=ttu&g_ep=EgoyMDI1MDkxNy4wIKXMDSoASAFQAw%3D%3D","5","Northern Territory","2053 Arnhem Hwy","false","Recommended! Graham and his family were super friendly and very welcome to share their culture and knowledge. We were lucky as we got a personalized tour. Thanks for the damper!",,"Pudakul Aboriginal Cultural Tours","4.7",,"https://www.google.com/maps/search/?api=1&query=Pudakul%20Aboriginal%20Cultural%20Tours&query_place_id=ChIJf9H3st2pwCwRV2dkuC6dUyY",
"2053 Arnhem Hwy, Lambells Lagoon NT 0822, Australia","Corporate office","Tour agency","Corporate office","2761723820495890263","Lambells Lagoon","AU","0x2cc0a9ddb2f7d17f:0x26539d2eb8646757","https://lh3.googleusercontent.com/gps-cs-s/AC9h4nqtVZdlDKligj_OtnDJ6wtEe1rH8k6CmttQb_5cgf47_0TiZKpDHROucXINyGz_jSqskHfY5S4M0Co1kqlSoJIqICxRLUuT-LYwl3QWPp_a5y-UkdG69j68NZR-AFLr6OJGXocf=w408-h306-k-no","false","false","en","0","-12.6164333","131.2537318","Cathie Bassett",,"en","false","ChIJf9H3st2pwCwRV2dkuC6dUyY","0822",,"4 years ago","2021-06-10T04:14:08.120Z",,,,"ChdDSUhNMG9nS0VJQ0FnSUNxMGZPVGlRRRAB",,,,,,,"Google","https://www.google.com/maps/reviews/data=!4m8!14m7!1m6!2m5!1sChdDSUhNMG9nS0VJQ0FnSUNxMGZPVGlRRRAB!2m1!1s0x0:0x26539d2eb8646757!3m1!1s2@1:CIHM0ogKEICAgICq0fOTiQE%7C%7C?hl=en","109665434398717337028","7","https://lh3.googleusercontent.com/a-/ALV-UjVnDFlwHBR3i4kKUl8QDv78TLx2gA7pqlBcG65sOXSF9kIf1TIRPg=s1920-c-rp-mo-br100","https://www.google.com/maps/contrib/109665434398717337028?hl=en","31","2025-09-22T03:31:37.090Z","Direct Detail URL: https://www.google.com/maps/place/Pudakul+Aboriginal+Cultural+Tours/@-12.6164333,131.2511569,17z/data=!4m8!3m7!1s0x2cc0a9ddb2f7d17f:0x26539d2eb8646757!8m2!3d-12.6164333!4d131.2537318!9m1!1b1!16s%2Fg%2F11b66sm5jm?entry=ttu&g_ep=EgoyMDI1MDkxNy4wIKXMDSoASAFQAw%3D%3D","5","Northern Territory","2053 Arnhem Hwy","false","Amazing, wonderful, beautiful...this place I honestly loved..Graham and his daughter Talia were honestly sooo inspirational and thought provoking ...I can only urge Darwin locals and their interstate family to visit and experience a truly wonderful time...I never thought that a 2 hour aboriginal cultural tour could be so breathtakingly inspiring and satisfying...many thanks to you And your wonderful place....it truly was humbling and I shall be back with more visitors so they too can experience what I did...keep it up my friends, just loved it and many thanks. ❤️👍",,"Pudakul Aboriginal Cultural Tours","4.7",,"https://www.google.com/maps/search/?api=1&query=Pudakul%20Aboriginal%20Cultural%20Tours&query_place_id=ChIJf9H3st2pwCwRV2dkuC6dUyY",
"2053 Arnhem Hwy, Lambells Lagoon NT 0822, Australia","Corporate office","Tour agency","Corporate office","2761723820495890263","Lambells Lagoon","AU","0x2cc0a9ddb2f7d17f:0x26539d2eb8646757","https://lh3.googleusercontent.com/gps-cs-s/AC9h4nqtVZdlDKligj_OtnDJ6wtEe1rH8k6CmttQb_5cgf47_0TiZKpDHROucXINyGz_jSqskHfY5S4M0Co1kqlSoJIqICxRLUuT-LYwl3QWPp_a5y-UkdG69j68NZR-AFLr6OJGXocf=w408-h306-k-no","false","true","en","0","-12.6164333","131.2537318","Skl H",,"en","false","ChIJf9H3st2pwCwRV2dkuC6dUyY","0822",,"4 years ago","2021-05-14T08:49:42.283Z",,,,"ChZDSUhNMG9nS0VJQ0FnSURLeGMydEJBEAE",,,,,,,"Google","https://www.google.com/maps/reviews/data=!4m8!14m7!1m6!2m5!1sChZDSUhNMG9nS0VJQ0FnSURLeGMydEJBEAE!2m1!1s0x0:0x26539d2eb8646757!3m1!1s2@1:CIHM0ogKEICAgIDKxc2tBA%7C%7C?hl=en","114197575319648893718","129","https://lh3.googleusercontent.com/a-/ALV-UjVsN0fNM9ZD6xeaK3xvFm3KahBs9t2N39SPcTG1PoBqHAVpN9gZ=s1920-c-rp-mo-ba4-br100","https://www.google.com/maps/contrib/114197575319648893718?hl=en","31","2025-09-22T03:31:37.090Z","Direct Detail URL: https://www.google.com/maps/place/Pudakul+Aboriginal+Cultural+Tours/@-12.6164333,131.2511569,17z/data=!4m8!3m7!1s0x2cc0a9ddb2f7d17f:0x26539d2eb8646757!8m2!3d-12.6164333!4d131.2537318!9m1!1b1!16s%2Fg%2F11b66sm5jm?entry=ttu&g_ep=EgoyMDI1MDkxNy4wIKXMDSoASAFQAw%3D%3D","5","Northern Territory","2053 Arnhem Hwy","false","Such a special and essential stop with 300 metre kept dirt road set on gorgeous billabong with water lilies. A family owned, authentic and highly informative cultural exchange. You can literally ask them anything! We never felt rushed, engage in weapon throwing, medicinal plant insights, basket weaving and learned about various musical instruments. Accessible manageable (short dirt track, but toilet has step).",,"Pudakul Aboriginal Cultural Tours","4.7",,"https://www.google.com/maps/search/?api=1&query=Pudakul%20Aboriginal%20Cultural%20Tours&query_place_id=ChIJf9H3st2pwCwRV2dkuC6dUyY",
"2053 Arnhem Hwy, Lambells Lagoon NT 0822, Australia","Corporate office","Tour agency","Corporate office","2761723820495890263","Lambells Lagoon","AU","0x2cc0a9ddb2f7d17f:0x26539d2eb8646757","https://lh3.googleusercontent.com/gps-cs-s/AC9h4nqtVZdlDKligj_OtnDJ6wtEe1rH8k6CmttQb_5cgf47_0TiZKpDHROucXINyGz_jSqskHfY5S4M0Co1kqlSoJIqICxRLUuT-LYwl3QWPp_a5y-UkdG69j68NZR-AFLr6OJGXocf=w408-h306-k-no","false","true","en","0","-12.6164333","131.2537318","Melissa Petrovski",,"en","false","ChIJf9H3st2pwCwRV2dkuC6dUyY","0822",,"4 years ago","2021-04-24T01:07:37.825Z",,,,"ChZDSUhNMG9nS0VJQ0FnSUNLNzZESVhnEAE",,,,,,,"Google","https://www.google.com/maps/reviews/data=!4m8!14m7!1m6!2m5!1sChZDSUhNMG9nS0VJQ0FnSUNLNzZESVhnEAE!2m1!1s0x0:0x26539d2eb8646757!3m1!1s2@1:CIHM0ogKEICAgICK76DIXg%7C%7C?hl=en","109016932371593053344","59","https://lh3.googleusercontent.com/a-/ALV-UjVtORXjushy9rkuE3KaOzCF62hW-7maYxAtZfzBNpdEUQLGSbAE=s1920-c-rp-mo-ba3-br100","https://www.google.com/maps/contrib/109016932371593053344?hl=en","31","2025-09-22T03:31:37.090Z","Direct Detail URL: https://www.google.com/maps/place/Pudakul+Aboriginal+Cultural+Tours/@-12.6164333,131.2511569,17z/data=!4m8!3m7!1s0x2cc0a9ddb2f7d17f:0x26539d2eb8646757!8m2!3d-12.6164333!4d131.2537318!9m1!1b1!16s%2Fg%2F11b66sm5jm?entry=ttu&g_ep=EgoyMDI1MDkxNy4wIKXMDSoASAFQAw%3D%3D","5","Northern Territory","2053 Arnhem Hwy","false","I cannot recommend this place enough, it was the highlight of my entire trip to the northern territory. Graham is a very spiritual enlightening person to be around, he showed us his people traditional way of hunting, what foods they would eat and their customs in such a fun way, his sense of humour makes everyone smile. I can't wait to be back one day!",,"Pudakul Aboriginal Cultural Tours","4.7",,"https://www.google.com/maps/search/?api=1&query=Pudakul%20Aboriginal%20Cultural%20Tours&query_place_id=ChIJf9H3st2pwCwRV2dkuC6dUyY",
"2053 Arnhem Hwy, Lambells Lagoon NT 0822, Australia","Corporate office","Tour agency","Corporate office","2761723820495890263","Lambells Lagoon","AU","0x2cc0a9ddb2f7d17f:0x26539d2eb8646757","https://lh3.googleusercontent.com/gps-cs-s/AC9h4nqtVZdlDKligj_OtnDJ6wtEe1rH8k6CmttQb_5cgf47_0TiZKpDHROucXINyGz_jSqskHfY5S4M0Co1kqlSoJIqICxRLUuT-LYwl3QWPp_a5y-UkdG69j68NZR-AFLr6OJGXocf=w408-h306-k-no","false","true","en","0","-12.6164333","131.2537318","Brock Q. Piper",,"en","false","ChIJf9H3st2pwCwRV2dkuC6dUyY","0822",,"4 years ago","2021-01-30T11:33:33.712Z",,,,"ChdDSUhNMG9nS0VJQ0FnSUN5anNfTnpRRRAB",,,,,,,"Google","https://www.google.com/maps/reviews/data=!4m8!14m7!1m6!2m5!1sChdDSUhNMG9nS0VJQ0FnSUN5anNfTnpRRRAB!2m1!1s0x0:0x26539d2eb8646757!3m1!1s2@1:CIHM0ogKEICAgICyjs_NzQE%7C%7C?hl=en","110226348788864786846","32","https://lh3.googleusercontent.com/a-/ALV-UjXzp599vaQtZOEfkKaWz1C0jvFE7aTXSH2xKYF3IQuTch1UHNZd=s1920-c-rp-mo-ba3-br100","https://www.google.com/maps/contrib/110226348788864786846?hl=en","31","2025-09-22T03:31:37.090Z","Direct Detail URL: https://www.google.com/maps/place/Pudakul+Aboriginal+Cultural+Tours/@-12.6164333,131.2511569,17z/data=!4m8!3m7!1s0x2cc0a9ddb2f7d17f:0x26539d2eb8646757!8m2!3d-12.6164333!4d131.2537318!9m1!1b1!16s%2Fg%2F11b66sm5jm?entry=ttu&g_ep=EgoyMDI1MDkxNy4wIKXMDSoASAFQAw%3D%3D","5","Northern Territory","2053 Arnhem Hwy","false","Do yourself a favour and make this number one on your list of things to do around Darwin! Absolutely one of the more powerful experiences we’ve had in the NT.",,"Pudakul Aboriginal Cultural Tours","4.7",,"https://www.google.com/maps/search/?api=1&query=Pudakul%20Aboriginal%20Cultural%20Tours&query_place_id=ChIJf9H3st2pwCwRV2dkuC6dUyY",
"2053 Arnhem Hwy, Lambells Lagoon NT 0822, Australia","Corporate office","Tour agency","Corporate office","2761723820495890263","Lambells Lagoon","AU","0x2cc0a9ddb2f7d17f:0x26539d2eb8646757","https://lh3.googleusercontent.com/gps-cs-s/AC9h4nqtVZdlDKligj_OtnDJ6wtEe1rH8k6CmttQb_5cgf47_0TiZKpDHROucXINyGz_jSqskHfY5S4M0Co1kqlSoJIqICxRLUuT-LYwl3QWPp_a5y-UkdG69j68NZR-AFLr6OJGXocf=w408-h306-k-no","false","false","en","0","-12.6164333","131.2537318","Lee Burgess",,"en","false","ChIJf9H3st2pwCwRV2dkuC6dUyY","0822",,"4 years ago","2020-10-15T09:25:39.830Z",,,,"ChdDSUhNMG9nS0VJQ0FnSURDdDhhMWlRRRAB",,,,,,,"Google","https://www.google.com/maps/reviews/data=!4m8!14m7!1m6!2m5!1sChdDSUhNMG9nS0VJQ0FnSURDdDhhMWlRRRAB!2m1!1s0x0:0x26539d2eb8646757!3m1!1s2@1:CIHM0ogKEICAgIDCt8a1iQE%7C%7C?hl=en","112377818356300994866","4","https://lh3.googleusercontent.com/a/ACg8ocIFliRK_vhGFno5dKb6YnRxmbSFoTBNhEgcCPHzGqd48Xz07w=s1920-c-rp-mo-br100","https://www.google.com/maps/contrib/112377818356300994866?hl=en","31","2025-09-22T03:31:37.090Z","Direct Detail URL: https://www.google.com/maps/place/Pudakul+Aboriginal+Cultural+Tours/@-12.6164333,131.2511569,17z/data=!4m8!3m7!1s0x2cc0a9ddb2f7d17f:0x26539d2eb8646757!8m2!3d-12.6164333!4d131.2537318!9m1!1b1!16s%2Fg%2F11b66sm5jm?entry=ttu&g_ep=EgoyMDI1MDkxNy4wIKXMDSoASAFQAw%3D%3D","5","Northern Territory","2053 Arnhem Hwy","false","Had a beautiful afternoon with family amazing place to visit with accommodation",,"Pudakul Aboriginal Cultural Tours","4.7",,"https://www.google.com/maps/search/?api=1&query=Pudakul%20Aboriginal%20Cultural%20Tours&query_place_id=ChIJf9H3st2pwCwRV2dkuC6dUyY",
"2053 Arnhem Hwy, Lambells Lagoon NT 0822, Australia","Corporate office","Tour agency","Corporate office","2761723820495890263","Lambells Lagoon","AU","0x2cc0a9ddb2f7d17f:0x26539d2eb8646757","https://lh3.googleusercontent.com/gps-cs-s/AC9h4nqtVZdlDKligj_OtnDJ6wtEe1rH8k6CmttQb_5cgf47_0TiZKpDHROucXINyGz_jSqskHfY5S4M0Co1kqlSoJIqICxRLUuT-LYwl3QWPp_a5y-UkdG69j68NZR-AFLr6OJGXocf=w408-h306-k-no","false","false","en","0","-12.6164333","131.2537318","Christelle",,"en","false","ChIJf9H3st2pwCwRV2dkuC6dUyY","0822",,"4 years ago","2020-10-13T07:17:01.232Z",,,,"ChdDSUhNMG9nS0VJQ0FnSURDMjcyXzRBRRAB",,,,,,,"Google","https://www.google.com/maps/reviews/data=!4m8!14m7!1m6!2m5!1sChdDSUhNMG9nS0VJQ0FnSURDMjcyXzRBRRAB!2m1!1s0x0:0x26539d2eb8646757!3m1!1s2@1:CIHM0ogKEICAgIDC272_4AE%7C%7C?hl=en","108023307447298990679","5","https://lh3.googleusercontent.com/a/ACg8ocJVEdHRo5dUzfOR3zEPMWNQDjcsOY_CZcEbIp-B_6_ICcqjbQ=s1920-c-rp-mo-br100","https://www.google.com/maps/contrib/108023307447298990679?hl=en","31","2025-09-22T03:31:37.090Z","Direct Detail URL: https://www.google.com/maps/place/Pudakul+Aboriginal+Cultural+Tours/@-12.6164333,131.2511569,17z/data=!4m8!3m7!1s0x2cc0a9ddb2f7d17f:0x26539d2eb8646757!8m2!3d-12.6164333!4d131.2537318!9m1!1b1!16s%2Fg%2F11b66sm5jm?entry=ttu&g_ep=EgoyMDI1MDkxNy4wIKXMDSoASAFQAw%3D%3D","5","Northern Territory","2053 Arnhem Hwy","false","Very good experience with Graham and his daughter Selina. They told us all the things we wanted to know (and we had a lot of question!) about aboriginal culture. We spent there maybe 3h talking with them and doing the cultural experience. They told us stories, we played music, we threw spears, we learned how to make baskets and bags and we ate the traditional bread at the end.

They are very nice and we really had a good time with them.

Thank you very much!

C&J",,"Pudakul Aboriginal Cultural Tours","4.7",,"https://www.google.com/maps/search/?api=1&query=Pudakul%20Aboriginal%20Cultural%20Tours&query_place_id=ChIJf9H3st2pwCwRV2dkuC6dUyY",
"2053 Arnhem Hwy, Lambells Lagoon NT 0822, Australia","Corporate office","Tour agency","Corporate office","2761723820495890263","Lambells Lagoon","AU","0x2cc0a9ddb2f7d17f:0x26539d2eb8646757","https://lh3.googleusercontent.com/gps-cs-s/AC9h4nqtVZdlDKligj_OtnDJ6wtEe1rH8k6CmttQb_5cgf47_0TiZKpDHROucXINyGz_jSqskHfY5S4M0Co1kqlSoJIqICxRLUuT-LYwl3QWPp_a5y-UkdG69j68NZR-AFLr6OJGXocf=w408-h306-k-no","false","true","en","0","-12.6164333","131.2537318","Alanah Guy",,"en","false","ChIJf9H3st2pwCwRV2dkuC6dUyY","0822",,"5 years ago","2020-03-08T12:24:37.268Z",,,,"ChZDSUhNMG9nS0VJQ0FnSURzNmVpU1N3EAE","https://lh3.googleusercontent.com/geougc-cs/AB3l90DbOOg7-2MsCZyQCAeIX2BhE2eqiC0unWRkwLXuBW-meqdwPokYZ1AEpBEnmFz7qAD6Q4VgSETWLSBNeGR044JBMgEPHnr81XJ21US3BTnPOsDlV9pjU5K3z7MXfpLa6lmjHH4w8w",,,,,,"Google","https://www.google.com/maps/reviews/data=!4m8!14m7!1m6!2m5!1sChZDSUhNMG9nS0VJQ0FnSURzNmVpU1N3EAE!2m1!1s0x0:0x26539d2eb8646757!3m1!1s2@1:CIHM0ogKEICAgIDs6eiSSw%7C%7C?hl=en","103612784905537493004","44","https://lh3.googleusercontent.com/a/ACg8ocLp9xRRdvClDLBlyExytpZS4-PnWaXXA6TZoB8btzNxtE-mUA=s1920-c-rp-mo-ba3-br100","https://www.google.com/maps/contrib/103612784905537493004?hl=en","31","2025-09-22T03:31:37.090Z","Direct Detail URL: https://www.google.com/maps/place/Pudakul+Aboriginal+Cultural+Tours/@-12.6164333,131.2511569,17z/data=!4m8!3m7!1s0x2cc0a9ddb2f7d17f:0x26539d2eb8646757!8m2!3d-12.6164333!4d131.2537318!9m1!1b1!16s%2Fg%2F11b66sm5jm?entry=ttu&g_ep=EgoyMDI1MDkxNy4wIKXMDSoASAFQAw%3D%3D","5","Northern Territory","2053 Arnhem Hwy","false","Graeme and his team are amazing. We take student groups here and it’s always a highlight. Ive been about 6 times and always excited to go again. The tour Super engaging and I always appreciate the extra time they spend answering all the waky questions our students ask! Can’t wait to go back",,"Pudakul Aboriginal Cultural Tours","4.7",,"https://www.google.com/maps/search/?api=1&query=Pudakul%20Aboriginal%20Cultural%20Tours&query_place_id=ChIJf9H3st2pwCwRV2dkuC6dUyY",
"2053 Arnhem Hwy, Lambells Lagoon NT 0822, Australia","Corporate office","Tour agency","Corporate office","2761723820495890263","Lambells Lagoon","AU","0x2cc0a9ddb2f7d17f:0x26539d2eb8646757","https://lh3.googleusercontent.com/gps-cs-s/AC9h4nqtVZdlDKligj_OtnDJ6wtEe1rH8k6CmttQb_5cgf47_0TiZKpDHROucXINyGz_jSqskHfY5S4M0Co1kqlSoJIqICxRLUuT-LYwl3QWPp_a5y-UkdG69j68NZR-AFLr6OJGXocf=w408-h306-k-no","false","false","en","0","-12.6164333","131.2537318","Shelley",,"nl","false","ChIJf9H3st2pwCwRV2dkuC6dUyY","0822",,"5 years ago","2020-02-12T14:22:03.785Z",,,,"ChdDSUhNMG9nS0VJQ0FnSUNzdzl2dXFBRRAB",,,,,,,"Google","https://www.google.com/maps/reviews/data=!4m8!14m7!1m6!2m5!1sChdDSUhNMG9nS0VJQ0FnSUNzdzl2dXFBRRAB!2m1!1s0x0:0x26539d2eb8646757!3m1!1s2@1:CIHM0ogKEICAgICsw9vuqAE%7C%7C?hl=en","111075096331757461150","11","https://lh3.googleusercontent.com/a-/ALV-UjWSngbXvLgpbYMUMPbcrNH-p9rKc8j2pdgaUBfZMv3zmBZgMtevZw=s1920-c-rp-mo-br100","https://www.google.com/maps/contrib/111075096331757461150?hl=en","31","2025-09-22T03:31:37.090Z","Direct Detail URL: https://www.google.com/maps/place/Pudakul+Aboriginal+Cultural+Tours/@-12.6164333,131.2511569,17z/data=!4m8!3m7!1s0x2cc0a9ddb2f7d17f:0x26539d2eb8646757!8m2!3d-12.6164333!4d131.2537318!9m1!1b1!16s%2Fg%2F11b66sm5jm?entry=ttu&g_ep=EgoyMDI1MDkxNy4wIKXMDSoASAFQAw%3D%3D","5","Northern Territory","2053 Arnhem Hwy","false","We zijn naar Kakadupark geweest voor de rotstekeningen, wat op zich al een geweldige ervaring is. Wij waren erg blij  met onze gids en tevens chauffeur Adam Yates. Hij wist zeer veel te vertellen over de rotstekeningen en de cultuur van de Aboriginals van deze streek. Ook over de fauna en flora wist hij veel te vertellen. Omdat wij vanwege het regenseizoen niet naar de plek zoals vermeld in de folder konden bracht hij I s naar 2 andere plekken. Wij waren zeer onder de indruk. We kunnen deze trip zeer zeker aanbevelen!","We went to Kakadu Park for the petroglyphs, which is an amazing experience in itself. We were very happy with our guide and driver Adam Yates. He knew a lot about the rock paintings and the culture of the Aboriginal people of this region. He also knew a lot about the fauna and flora. Because we could not go to the place mentioned in the brochure due to the rainy season, he took us to 2 other places. We were very impressed. We can definitely recommend this trip!","Pudakul Aboriginal Cultural Tours","4.7","en","https://www.google.com/maps/search/?api=1&query=Pudakul%20Aboriginal%20Cultural%20Tours&query_place_id=ChIJf9H3st2pwCwRV2dkuC6dUyY",
"2053 Arnhem Hwy, Lambells Lagoon NT 0822, Australia","Corporate office","Tour agency","Corporate office","2761723820495890263","Lambells Lagoon","AU","0x2cc0a9ddb2f7d17f:0x26539d2eb8646757","https://lh3.googleusercontent.com/gps-cs-s/AC9h4nqtVZdlDKligj_OtnDJ6wtEe1rH8k6CmttQb_5cgf47_0TiZKpDHROucXINyGz_jSqskHfY5S4M0Co1kqlSoJIqICxRLUuT-LYwl3QWPp_a5y-UkdG69j68NZR-AFLr6OJGXocf=w408-h306-k-no","false","false","en","0","-12.6164333","131.2537318","Catherine Taylor",,"en","false","ChIJf9H3st2pwCwRV2dkuC6dUyY","0822",,"6 years ago","2019-08-13T11:21:34.959Z",,,,"ChZDSUhNMG9nS0VJQ0FnSURVMklEYkFREAE",,,,,,,"Google","https://www.google.com/maps/reviews/data=!4m8!14m7!1m6!2m5!1sChZDSUhNMG9nS0VJQ0FnSURVMklEYkFREAE!2m1!1s0x0:0x26539d2eb8646757!3m1!1s2@1:CIHM0ogKEICAgIDU2IDbAQ%7C%7C?hl=en","104465012438384063789","8","https://lh3.googleusercontent.com/a/ACg8ocKVIwqeORqVJ_uDknqmgmCXmii9szZpHGLt2GFoa1B00DTgDA=s1920-c-rp-mo-br100","https://www.google.com/maps/contrib/104465012438384063789?hl=en","31","2025-09-22T03:31:37.090Z","Direct Detail URL: https://www.google.com/maps/place/Pudakul+Aboriginal+Cultural+Tours/@-12.6164333,131.2511569,17z/data=!4m8!3m7!1s0x2cc0a9ddb2f7d17f:0x26539d2eb8646757!8m2!3d-12.6164333!4d131.2537318!9m1!1b1!16s%2Fg%2F11b66sm5jm?entry=ttu&g_ep=EgoyMDI1MDkxNy4wIKXMDSoASAFQAw%3D%3D","5","Northern Territory","2053 Arnhem Hwy","false","This is a must do! Dwayne was an excellent teacher, he taught our group a lot over an hour in a warm and engaging way. Highly recommended.",,"Pudakul Aboriginal Cultural Tours","4.7",,"https://www.google.com/maps/search/?api=1&query=Pudakul%20Aboriginal%20Cultural%20Tours&query_place_id=ChIJf9H3st2pwCwRV2dkuC6dUyY",
"2053 Arnhem Hwy, Lambells Lagoon NT 0822, Australia","Corporate office","Tour agency","Corporate office","2761723820495890263","Lambells Lagoon","AU","0x2cc0a9ddb2f7d17f:0x26539d2eb8646757","https://lh3.googleusercontent.com/gps-cs-s/AC9h4nqtVZdlDKligj_OtnDJ6wtEe1rH8k6CmttQb_5cgf47_0TiZKpDHROucXINyGz_jSqskHfY5S4M0Co1kqlSoJIqICxRLUuT-LYwl3QWPp_a5y-UkdG69j68NZR-AFLr6OJGXocf=w408-h306-k-no","false","true","en","0","-12.6164333","131.2537318","G!4D4",,"en","false","ChIJf9H3st2pwCwRV2dkuC6dUyY","0822",,"7 years ago","2018-09-06T01:59:10.048Z",,,,"ChZDSUhNMG9nS0VJQ0FnSURBX3NtcUFnEAE","https://lh3.googleusercontent.com/geougc-cs/AB3l90CKoHmbsEL7V4N-bzoOhb5g_nLLoqvPuz6MnvJQQypSiUFJTKrjGcxarFB13zdxsXkQkR2kcdd8kS-d7w8sYlntoBTBkaOzOrjOz1g-wkCshM6AKlN-tr6sNjsRT5Ixm3-SxgF0","https://lh3.googleusercontent.com/geougc-cs/AB3l90BzxikuRp_CfwbMxTqh5XA9ln0E67eUiJtg0DFCMkmlfRt5vzt61Pa-VKwomlkKyCJRG-xieVaxf-AL1DHL0zVhZCrTq2-7mIlMZrnQc6S7texsrUiVGlvXDzMYNvsoNTIbPC0b",,,,,"Google","https://www.google.com/maps/reviews/data=!4m8!14m7!1m6!2m5!1sChZDSUhNMG9nS0VJQ0FnSURBX3NtcUFnEAE!2m1!1s0x0:0x26539d2eb8646757!3m1!1s2@1:CIHM0ogKEICAgIDA_smqAg%7C%7C?hl=en","100925933424682978084","162","https://lh3.googleusercontent.com/a-/ALV-UjUkqhihapDQvEUnNRO5cC_YYcMIFoRxXLo8md7zMH9bOf__oE9i=s1920-c-rp-mo-ba4-br100","https://www.google.com/maps/contrib/100925933424682978084?hl=en","31","2025-09-22T03:31:37.090Z","Direct Detail URL: https://www.google.com/maps/place/Pudakul+Aboriginal+Cultural+Tours/@-12.6164333,131.2511569,17z/data=!4m8!3m7!1s0x2cc0a9ddb2f7d17f:0x26539d2eb8646757!8m2!3d-12.6164333!4d131.2537318!9m1!1b1!16s%2Fg%2F11b66sm5jm?entry=ttu&g_ep=EgoyMDI1MDkxNy4wIKXMDSoASAFQAw%3D%3D","5","Northern Territory","2053 Arnhem Hwy","false","Tour with Graham is absolutely a must do in Darwin. This was a very fascinating and interesting experience. Knowing about Aboriginal traditions and culture makes everyone richer in our soul.",,"Pudakul Aboriginal Cultural Tours","4.7",,"https://www.google.com/maps/search/?api=1&query=Pudakul%20Aboriginal%20Cultural%20Tours&query_place_id=ChIJf9H3st2pwCwRV2dkuC6dUyY",
"2053 Arnhem Hwy, Lambells Lagoon NT 0822, Australia","Corporate office","Tour agency","Corporate office","2761723820495890263","Lambells Lagoon","AU","0x2cc0a9ddb2f7d17f:0x26539d2eb8646757","https://lh3.googleusercontent.com/gps-cs-s/AC9h4nqtVZdlDKligj_OtnDJ6wtEe1rH8k6CmttQb_5cgf47_0TiZKpDHROucXINyGz_jSqskHfY5S4M0Co1kqlSoJIqICxRLUuT-LYwl3QWPp_a5y-UkdG69j68NZR-AFLr6OJGXocf=w408-h306-k-no","false","true","en","0","-12.6164333","131.2537318","Courtney Mellor",,,"false","ChIJf9H3st2pwCwRV2dkuC6dUyY","0822",,"7 years ago","2018-06-01T06:20:21.826Z",,,,"ChZDSUhNMG9nS0VJQ0FnSURBcXBlbllREAE",,,,,,,"Google","https://www.google.com/maps/reviews/data=!4m8!14m7!1m6!2m5!1sChZDSUhNMG9nS0VJQ0FnSURBcXBlbllREAE!2m1!1s0x0:0x26539d2eb8646757!3m1!1s2@1:CIHM0ogKEICAgIDAqpenYQ%7C%7C?hl=en","110888502850253295003","11","https://lh3.googleusercontent.com/a-/ALV-UjXWB9m3_fvLG5rI6A6Fk4-BXryJWkRhFE3vc4XXLJZFtM3Y7iAPQw=s1920-c-rp-mo-ba3-br100","https://www.google.com/maps/contrib/110888502850253295003?hl=en","31","2025-09-22T03:31:37.090Z","Direct Detail URL: https://www.google.com/maps/place/Pudakul+Aboriginal+Cultural+Tours/@-12.6164333,131.2511569,17z/data=!4m8!3m7!1s0x2cc0a9ddb2f7d17f:0x26539d2eb8646757!8m2!3d-12.6164333!4d131.2537318!9m1!1b1!16s%2Fg%2F11b66sm5jm?entry=ttu&g_ep=EgoyMDI1MDkxNy4wIKXMDSoASAFQAw%3D%3D","5","Northern Territory","2053 Arnhem Hwy","false",,,"Pudakul Aboriginal Cultural Tours","4.7",,"https://www.google.com/maps/search/?api=1&query=Pudakul%20Aboriginal%20Cultural%20Tours&query_place_id=ChIJf9H3st2pwCwRV2dkuC6dUyY",
"2053 Arnhem Hwy, Lambells Lagoon NT 0822, Australia","Corporate office","Tour agency","Corporate office","2761723820495890263","Lambells Lagoon","AU","0x2cc0a9ddb2f7d17f:0x26539d2eb8646757","https://lh3.googleusercontent.com/gps-cs-s/AC9h4nqtVZdlDKligj_OtnDJ6wtEe1rH8k6CmttQb_5cgf47_0TiZKpDHROucXINyGz_jSqskHfY5S4M0Co1kqlSoJIqICxRLUuT-LYwl3QWPp_a5y-UkdG69j68NZR-AFLr6OJGXocf=w408-h306-k-no","false","true","en","0","-12.6164333","131.2537318","Mick Duck",,"en","false","ChIJf9H3st2pwCwRV2dkuC6dUyY","0822",,"7 years ago","2018-02-05T23:37:31.312Z",,,,"ChdDSUhNMG9nS0VJQ0FnSURRdHJYTW9RRRAB",,,,,,,"Google","https://www.google.com/maps/reviews/data=!4m8!14m7!1m6!2m5!1sChdDSUhNMG9nS0VJQ0FnSURRdHJYTW9RRRAB!2m1!1s0x0:0x26539d2eb8646757!3m1!1s2@1:CIHM0ogKEICAgIDQtrXMoQE%7C%7C?hl=en","110793646855814928218","194","https://lh3.googleusercontent.com/a-/ALV-UjUTtsaJrb5FcLQSMwFD0ZWnnNZtOC-IRpQdmLcrCXmj62bfERqG=s1920-c-rp-mo-ba5-br100","https://www.google.com/maps/contrib/110793646855814928218?hl=en","31","2025-09-22T03:31:37.090Z","Direct Detail URL: https://www.google.com/maps/place/Pudakul+Aboriginal+Cultural+Tours/@-12.6164333,131.2511569,17z/data=!4m8!3m7!1s0x2cc0a9ddb2f7d17f:0x26539d2eb8646757!8m2!3d-12.6164333!4d131.2537318!9m1!1b1!16s%2Fg%2F11b66sm5jm?entry=ttu&g_ep=EgoyMDI1MDkxNy4wIKXMDSoASAFQAw%3D%3D","5","Northern Territory","2053 Arnhem Hwy","false","A great experience and well worth the detour off the highway. Best to book in advance.",,"Pudakul Aboriginal Cultural Tours","4.7",,"https://www.google.com/maps/search/?api=1&query=Pudakul%20Aboriginal%20Cultural%20Tours&query_place_id=ChIJf9H3st2pwCwRV2dkuC6dUyY",
"2053 Arnhem Hwy, Lambells Lagoon NT 0822, Australia","Corporate office","Tour agency","Corporate office","2761723820495890263","Lambells Lagoon","AU","0x2cc0a9ddb2f7d17f:0x26539d2eb8646757","https://lh3.googleusercontent.com/gps-cs-s/AC9h4nqtVZdlDKligj_OtnDJ6wtEe1rH8k6CmttQb_5cgf47_0TiZKpDHROucXINyGz_jSqskHfY5S4M0Co1kqlSoJIqICxRLUuT-LYwl3QWPp_a5y-UkdG69j68NZR-AFLr6OJGXocf=w408-h306-k-no","false","true","en","0","-12.6164333","131.2537318","Jennifer",,"en","false","ChIJf9H3st2pwCwRV2dkuC6dUyY","0822",,"Edited 8 years ago","2017-09-05T07:31:04.289Z",,,,"ChZDSUhNMG9nS0VJQ0FnSURRMXNPdUhREAE","https://lh3.googleusercontent.com/geougc-cs/AB3l90Dm8lI4eoAW-BA3VHWjoiJOTytVHVCS1F_DSnlEP5e9xBECd-7FH-GZ1DP2vNBmVV0PMj3bI2Nj4vYFJsd2CcIMaYgZk8SgJ6R1FLYpPO87xj6BiuPvDIfBEKNcboDKM9HO-uF8",,,,,,"Google","https://www.google.com/maps/reviews/data=!4m8!14m7!1m6!2m5!1sChZDSUhNMG9nS0VJQ0FnSURRMXNPdUhREAE!2m1!1s0x0:0x26539d2eb8646757!3m1!1s2@1:CIHM0ogKEICAgIDQ1sOuHQ%7C%7C?hl=en","110520605084204408119","736","https://lh3.googleusercontent.com/a-/ALV-UjVwDZSMVR72xCQ145Ao_Jw3aHYeC6ErUF1SNyBDZhz2AtVGP_xHaA=s1920-c-rp-mo-ba6-br100","https://www.google.com/maps/contrib/110520605084204408119?hl=en","31","2025-09-22T03:31:37.090Z","Direct Detail URL: https://www.google.com/maps/place/Pudakul+Aboriginal+Cultural+Tours/@-12.6164333,131.2511569,17z/data=!4m8!3m7!1s0x2cc0a9ddb2f7d17f:0x26539d2eb8646757!8m2!3d-12.6164333!4d131.2537318!9m1!1b1!16s%2Fg%2F11b66sm5jm?entry=ttu&g_ep=EgoyMDI1MDkxNy4wIKXMDSoASAFQAw%3D%3D","4","Northern Territory","2053 Arnhem Hwy","false","Informative and interesting. Instead of two hours, an hour is sufficient. They were willing to entertain any questions.",,"Pudakul Aboriginal Cultural Tours","4.7",,"https://www.google.com/maps/search/?api=1&query=Pudakul%20Aboriginal%20Cultural%20Tours&query_place_id=ChIJf9H3st2pwCwRV2dkuC6dUyY",
