"address","categories/0","categoryName","cid","city","countryCode","fid","imageUrl","isAdvertisement","isLocalGuide","language","likesCount","location/lat","location/lng","name","neighborhood","originalLanguage","permanentlyClosed","placeId","postalCode","price","publishAt","publishedAtDate","rating","responseFromOwnerDate","responseFromOwnerText","reviewId","reviewImageUrls/0","reviewImageUrls/1","reviewImageUrls/2","reviewImageUrls/3","reviewImageUrls/4","reviewImageUrls/5","reviewImageUrls/6","reviewImageUrls/7","reviewImageUrls/8","reviewImageUrls/9","reviewImageUrls/10","reviewImageUrls/11","reviewImageUrls/12","reviewImageUrls/13","reviewImageUrls/14","reviewImageUrls/15","reviewImageUrls/16","reviewImageUrls/17","reviewImageUrls/18","reviewImageUrls/19","reviewImageUrls/20","reviewImageUrls/21","reviewImageUrls/22","reviewImageUrls/23","reviewImageUrls/24","reviewImageUrls/25","reviewImageUrls/26","reviewImageUrls/27","reviewImageUrls/28","reviewImageUrls/29","reviewImageUrls/30","reviewImageUrls/31","reviewImageUrls/32","reviewImageUrls/33","reviewImageUrls/34","reviewImageUrls/35","reviewOrigin","reviewUrl","reviewerId","reviewerNumberOfReviews","reviewerPhotoUrl","reviewerUrl","reviewsCount","scrapedAt","searchString","stars","state","street","temporarilyClosed","text","textTranslated","title","totalScore","translatedLanguage","url","visitedIn"
"Tiwi Islands NT 0822, Australia","Island","Island","9781714470867159599","Tiwi Islands","AU","0x2cc21adaac8c81d5:0x87bfa17c4a55ca2f","https://lh3.googleusercontent.com/gps-cs-s/AC9h4nq9pbKt8aVTvGCe3h23Zo5WTo8sSeJmkHV9l_ADKEF-C1O0mim5xtoPTryp9uysv8JJIq9GjvolrighCKFgkHPsFHdNWdi5czpbgnKs6ehPY6CESU6smKzUALki4ikcmcxqQ866=w426-h240-k-no","false","true","en","0","-11.6968879","130.8778586","M/s Super Hardware",,"en","false","ChIJ1YGMrNoawiwRL8pVSnyhv4c",,,"5 months ago","2025-04-01T10:10:20.874Z",,,,"ChZDSUhNMG9nS0VJQ0FnTUNJdXFXOGJ3EAE","https://lh3.googleusercontent.com/geougc-cs/AB3l90CamRPCaZr7d_7T29QmjNoD6-q_gt8rE1ACZr-i3fHPCF3OaaDMLo4Fljdn274Ns9GqXv74XZAbMuCeM0rWGLNXu6K0PSbHrwYcH8B7CxoQPMD5B6C3ufNtDXBUDA8LCj879Ezw-A","https://lh3.googleusercontent.com/geougc-cs/AB3l90CnoMHMrIsQKnmY6KS5Fb_iQOch0bNLHZLwOdNOOSenB1PKWSs-8hoI1k2mcyCn48K96wQlTq8JYI6CRqbwtt0cBsVf_o0qHre0FHFXXOvX0ZM5VDZl5OUPX1aKZPPj76GmVhrI",,,,,,,,,,,,,,,,,,,,,,,,,,,,,,,,,,,"Google","https://www.google.com/maps/reviews/data=!4m8!14m7!1m6!2m5!1sChZDSUhNMG9nS0VJQ0FnTUNJdXFXOGJ3EAE!2m1!1s0x0:0x87bfa17c4a55ca2f!3m1!1s2@1:CIHM0ogKEICAgMCIuqW8bw%7C%7C?hl=en","115557559355731200914","80","https://lh3.googleusercontent.com/a-/ALV-UjV52fZic1Wynfwguyz5R7iIUWHxWsgDeEvDm6fFXABd1t6oiNY=s1920-c-rp-mo-ba6-br100","https://www.google.com/maps/contrib/115557559355731200914?hl=en","51","2025-09-22T03:34:22.153Z","Direct Detail URL: https://www.google.com/maps/place/Tiwi+Islands/@-11.5160547,129.4621993,8z/data=!3m1!4b1!4m6!3m5!1s0x2cc21adaac8c81d5:0x87bfa17c4a55ca2f!8m2!3d-11.6968879!4d130.8778586!16zL20vMDVmcTFn?entry=ttu&g_ep=EgoyMDI1MDkxNy4wIKXMDSoASAFQAw%3D%3D","5","Northern Territory",,"false","The Tiwi Islands, located 100km (62mi) north of Darwin, are a completely unique destination brimming with local Aboriginal culture, art and beauty. During SeaLink’s Tiwi by Design tour, you can witness a traditional smoking ceremony, wander the island with a Traditional Custodian and get hands-on with a screen printing workshop. Avid anglers will love a guided sport-fishing experience with Tiwi Island Adventures, and sports enthusiasts can watch a heated match of Australian Rules Football between October and March.",,"Tiwi Islands","4.2",,"https://www.google.com/maps/search/?api=1&query=Tiwi%20Islands&query_place_id=ChIJ1YGMrNoawiwRL8pVSnyhv4c",
"Tiwi Islands NT 0822, Australia","Island","Island","9781714470867159599","Tiwi Islands","AU","0x2cc21adaac8c81d5:0x87bfa17c4a55ca2f","https://lh3.googleusercontent.com/gps-cs-s/AC9h4nq9pbKt8aVTvGCe3h23Zo5WTo8sSeJmkHV9l_ADKEF-C1O0mim5xtoPTryp9uysv8JJIq9GjvolrighCKFgkHPsFHdNWdi5czpbgnKs6ehPY6CESU6smKzUALki4ikcmcxqQ866=w426-h240-k-no","false","false","en","0","-11.6968879","130.8778586","PS nasir Paul",,"en","false","ChIJ1YGMrNoawiwRL8pVSnyhv4c",,,"a year ago","2024-05-29T09:42:26.033Z",,,,"ChZDSUhNMG9nS0VJQ0FnSURUcjVYOVB3EAE",,,,,,,,,,,,,,,,,,,,,,,,,,,,,,,,,,,,,"Google","https://www.google.com/maps/reviews/data=!4m8!14m7!1m6!2m5!1sChZDSUhNMG9nS0VJQ0FnSURUcjVYOVB3EAE!2m1!1s0x0:0x87bfa17c4a55ca2f!3m1!1s2@1:CIHM0ogKEICAgIDTr5X9Pw%7C%7C?hl=en","107867716741429014636","1","https://lh3.googleusercontent.com/a/ACg8ocKQXbjdclWbcDzOcwEJLuZbkqfrU-bys0xzaX3Q0CuyyDFOHw=s1920-c-rp-mo-br100","https://www.google.com/maps/contrib/107867716741429014636?hl=en","51","2025-09-22T03:34:22.153Z","Direct Detail URL: https://www.google.com/maps/place/Tiwi+Islands/@-11.5160547,129.4621993,8z/data=!3m1!4b1!4m6!3m5!1s0x2cc21adaac8c81d5:0x87bfa17c4a55ca2f!8m2!3d-11.6968879!4d130.8778586!16zL20vMDVmcTFn?entry=ttu&g_ep=EgoyMDI1MDkxNy4wIKXMDSoASAFQAw%3D%3D","4","Northern Territory",,"false","Great beautiful place in the world .like paradise",,"Tiwi Islands","4.2",,"https://www.google.com/maps/search/?api=1&query=Tiwi%20Islands&query_place_id=ChIJ1YGMrNoawiwRL8pVSnyhv4c",
"Tiwi Islands NT 0822, Australia","Island","Island","9781714470867159599","Tiwi Islands","AU","0x2cc21adaac8c81d5:0x87bfa17c4a55ca2f","https://lh3.googleusercontent.com/gps-cs-s/AC9h4nq9pbKt8aVTvGCe3h23Zo5WTo8sSeJmkHV9l_ADKEF-C1O0mim5xtoPTryp9uysv8JJIq9GjvolrighCKFgkHPsFHdNWdi5czpbgnKs6ehPY6CESU6smKzUALki4ikcmcxqQ866=w426-h240-k-no","false","false","en","0","-11.6968879","130.8778586","Candice Montgomery",,,"false","ChIJ1YGMrNoawiwRL8pVSnyhv4c",,,"a year ago","2024-05-08T13:02:34.839Z",,,,"ChdDSUhNMG9nS0VJQ0FnSURqbDZHc29RRRAB",,,,,,,,,,,,,,,,,,,,,,,,,,,,,,,,,,,,,"Google","https://www.google.com/maps/reviews/data=!4m8!14m7!1m6!2m5!1sChdDSUhNMG9nS0VJQ0FnSURqbDZHc29RRRAB!2m1!1s0x0:0x87bfa17c4a55ca2f!3m1!1s2@1:CIHM0ogKEICAgIDjl6GsoQE%7C%7C?hl=en","107603916825936333410","0","https://lh3.googleusercontent.com/a/ACg8ocLSpPNSXa4IX8ctIG1U-S-N6815Y_WTH1CqdhLmasKf6X9t=s1920-c-rp-mo-br100","https://www.google.com/maps/contrib/107603916825936333410?hl=en","51","2025-09-22T03:34:22.153Z","Direct Detail URL: https://www.google.com/maps/place/Tiwi+Islands/@-11.5160547,129.4621993,8z/data=!3m1!4b1!4m6!3m5!1s0x2cc21adaac8c81d5:0x87bfa17c4a55ca2f!8m2!3d-11.6968879!4d130.8778586!16zL20vMDVmcTFn?entry=ttu&g_ep=EgoyMDI1MDkxNy4wIKXMDSoASAFQAw%3D%3D","5","Northern Territory",,"false",,,"Tiwi Islands","4.2",,"https://www.google.com/maps/search/?api=1&query=Tiwi%20Islands&query_place_id=ChIJ1YGMrNoawiwRL8pVSnyhv4c",
"Tiwi Islands NT 0822, Australia","Island","Island","9781714470867159599","Tiwi Islands","AU","0x2cc21adaac8c81d5:0x87bfa17c4a55ca2f","https://lh3.googleusercontent.com/gps-cs-s/AC9h4nq9pbKt8aVTvGCe3h23Zo5WTo8sSeJmkHV9l_ADKEF-C1O0mim5xtoPTryp9uysv8JJIq9GjvolrighCKFgkHPsFHdNWdi5czpbgnKs6ehPY6CESU6smKzUALki4ikcmcxqQ866=w426-h240-k-no","false","false","en","0","-11.6968879","130.8778586","Abdul Rahman Mohammed Mohammed",,,"false","ChIJ1YGMrNoawiwRL8pVSnyhv4c",,,"a year ago","2024-05-07T23:19:16.563Z",,,,"ChdDSUhNMG9nS0VJQ0FnSURqdTZEMHFnRRAB",,,,,,,,,,,,,,,,,,,,,,,,,,,,,,,,,,,,,"Google","https://www.google.com/maps/reviews/data=!4m8!14m7!1m6!2m5!1sChdDSUhNMG9nS0VJQ0FnSURqdTZEMHFnRRAB!2m1!1s0x0:0x87bfa17c4a55ca2f!3m1!1s2@1:CIHM0ogKEICAgIDju6D0qgE%7C%7C?hl=en","117803526961808182835","3","https://lh3.googleusercontent.com/a/ACg8ocIynD8Dsqa08Cf09AsEzERyTjuFz9jfWmRA90twB-v8mBmSiwU=s1920-c-rp-mo-br100","https://www.google.com/maps/contrib/117803526961808182835?hl=en","51","2025-09-22T03:34:22.153Z","Direct Detail URL: https://www.google.com/maps/place/Tiwi+Islands/@-11.5160547,129.4621993,8z/data=!3m1!4b1!4m6!3m5!1s0x2cc21adaac8c81d5:0x87bfa17c4a55ca2f!8m2!3d-11.6968879!4d130.8778586!16zL20vMDVmcTFn?entry=ttu&g_ep=EgoyMDI1MDkxNy4wIKXMDSoASAFQAw%3D%3D","5","Northern Territory",,"false",,,"Tiwi Islands","4.2",,"https://www.google.com/maps/search/?api=1&query=Tiwi%20Islands&query_place_id=ChIJ1YGMrNoawiwRL8pVSnyhv4c",
"Tiwi Islands NT 0822, Australia","Island","Island","9781714470867159599","Tiwi Islands","AU","0x2cc21adaac8c81d5:0x87bfa17c4a55ca2f","https://lh3.googleusercontent.com/gps-cs-s/AC9h4nq9pbKt8aVTvGCe3h23Zo5WTo8sSeJmkHV9l_ADKEF-C1O0mim5xtoPTryp9uysv8JJIq9GjvolrighCKFgkHPsFHdNWdi5czpbgnKs6ehPY6CESU6smKzUALki4ikcmcxqQ866=w426-h240-k-no","false","true","en","0","-11.6968879","130.8778586","Santi Grobbelaar",,,"false","ChIJ1YGMrNoawiwRL8pVSnyhv4c",,,"a year ago","2024-03-22T21:40:33.273Z",,,,"ChZDSUhNMG9nS0VJQ0FnSUQ5dl9iQ0tnEAE",,,,,,,,,,,,,,,,,,,,,,,,,,,,,,,,,,,,,"Google","https://www.google.com/maps/reviews/data=!4m8!14m7!1m6!2m5!1sChZDSUhNMG9nS0VJQ0FnSUQ5dl9iQ0tnEAE!2m1!1s0x0:0x87bfa17c4a55ca2f!3m1!1s2@1:CIHM0ogKEICAgID9v_bCKg%7C%7C?hl=en","116204886629042012680","27","https://lh3.googleusercontent.com/a-/ALV-UjUKuM4PJRAdxPEZDe5vpAFa1Qwb8w_fPWcI7jygr1HH6Iq8uYAJiA=s1920-c-rp-mo-ba2-br100","https://www.google.com/maps/contrib/116204886629042012680?hl=en","51","2025-09-22T03:34:22.153Z","Direct Detail URL: https://www.google.com/maps/place/Tiwi+Islands/@-11.5160547,129.4621993,8z/data=!3m1!4b1!4m6!3m5!1s0x2cc21adaac8c81d5:0x87bfa17c4a55ca2f!8m2!3d-11.6968879!4d130.8778586!16zL20vMDVmcTFn?entry=ttu&g_ep=EgoyMDI1MDkxNy4wIKXMDSoASAFQAw%3D%3D","5","Northern Territory",,"false",,,"Tiwi Islands","4.2",,"https://www.google.com/maps/search/?api=1&query=Tiwi%20Islands&query_place_id=ChIJ1YGMrNoawiwRL8pVSnyhv4c",
"Tiwi Islands NT 0822, Australia","Island","Island","9781714470867159599","Tiwi Islands","AU","0x2cc21adaac8c81d5:0x87bfa17c4a55ca2f","https://lh3.googleusercontent.com/gps-cs-s/AC9h4nq9pbKt8aVTvGCe3h23Zo5WTo8sSeJmkHV9l_ADKEF-C1O0mim5xtoPTryp9uysv8JJIq9GjvolrighCKFgkHPsFHdNWdi5czpbgnKs6ehPY6CESU6smKzUALki4ikcmcxqQ866=w426-h240-k-no","false","false","en","0","-11.6968879","130.8778586","BPL FOTO",,,"false","ChIJ1YGMrNoawiwRL8pVSnyhv4c",,,"a year ago","2024-01-20T15:33:15.750Z",,,,"ChZDSUhNMG9nS0VJQ0FnSUROMlB2b2NREAE",,,,,,,,,,,,,,,,,,,,,,,,,,,,,,,,,,,,,"Google","https://www.google.com/maps/reviews/data=!4m8!14m7!1m6!2m5!1sChZDSUhNMG9nS0VJQ0FnSUROMlB2b2NREAE!2m1!1s0x0:0x87bfa17c4a55ca2f!3m1!1s2@1:CIHM0ogKEICAgIDN2PvocQ%7C%7C?hl=en","117763610703135971742","0","https://lh3.googleusercontent.com/a/ACg8ocIAp0fxZhoEBopy5M07Rhn-jDKX5nghx_l0DWtJk6_-Yjj8bQ=s1920-c-rp-mo-br100","https://www.google.com/maps/contrib/117763610703135971742?hl=en","51","2025-09-22T03:34:22.153Z","Direct Detail URL: https://www.google.com/maps/place/Tiwi+Islands/@-11.5160547,129.4621993,8z/data=!3m1!4b1!4m6!3m5!1s0x2cc21adaac8c81d5:0x87bfa17c4a55ca2f!8m2!3d-11.6968879!4d130.8778586!16zL20vMDVmcTFn?entry=ttu&g_ep=EgoyMDI1MDkxNy4wIKXMDSoASAFQAw%3D%3D","4","Northern Territory",,"false",,,"Tiwi Islands","4.2",,"https://www.google.com/maps/search/?api=1&query=Tiwi%20Islands&query_place_id=ChIJ1YGMrNoawiwRL8pVSnyhv4c",
"Tiwi Islands NT 0822, Australia","Island","Island","9781714470867159599","Tiwi Islands","AU","0x2cc21adaac8c81d5:0x87bfa17c4a55ca2f","https://lh3.googleusercontent.com/gps-cs-s/AC9h4nq9pbKt8aVTvGCe3h23Zo5WTo8sSeJmkHV9l_ADKEF-C1O0mim5xtoPTryp9uysv8JJIq9GjvolrighCKFgkHPsFHdNWdi5czpbgnKs6ehPY6CESU6smKzUALki4ikcmcxqQ866=w426-h240-k-no","false","true","en","0","-11.6968879","130.8778586","Anthony Doig Marriage Celebrant",,,"false","ChIJ1YGMrNoawiwRL8pVSnyhv4c",,,"2 years ago","2023-08-28T07:29:56.175Z",,,,"ChdDSUhNMG9nS0VJQ0FnSURwbzcycGdBRRAB",,,,,,,,,,,,,,,,,,,,,,,,,,,,,,,,,,,,,"Google","https://www.google.com/maps/reviews/data=!4m8!14m7!1m6!2m5!1sChdDSUhNMG9nS0VJQ0FnSURwbzcycGdBRRAB!2m1!1s0x0:0x87bfa17c4a55ca2f!3m1!1s2@1:CIHM0ogKEICAgIDpo72pgAE%7C%7C?hl=en","114359151103557717787","140","https://lh3.googleusercontent.com/a-/ALV-UjV0qt7VJAt2PTAHR_2PBa3ylFz6FUpbrnZUCtL2R15geXSLYzuIfA=s1920-c-rp-mo-ba4-br100","https://www.google.com/maps/contrib/114359151103557717787?hl=en","51","2025-09-22T03:34:22.153Z","Direct Detail URL: https://www.google.com/maps/place/Tiwi+Islands/@-11.5160547,129.4621993,8z/data=!3m1!4b1!4m6!3m5!1s0x2cc21adaac8c81d5:0x87bfa17c4a55ca2f!8m2!3d-11.6968879!4d130.8778586!16zL20vMDVmcTFn?entry=ttu&g_ep=EgoyMDI1MDkxNy4wIKXMDSoASAFQAw%3D%3D","5","Northern Territory",,"false",,,"Tiwi Islands","4.2",,"https://www.google.com/maps/search/?api=1&query=Tiwi%20Islands&query_place_id=ChIJ1YGMrNoawiwRL8pVSnyhv4c",
"Tiwi Islands NT 0822, Australia","Island","Island","9781714470867159599","Tiwi Islands","AU","0x2cc21adaac8c81d5:0x87bfa17c4a55ca2f","https://lh3.googleusercontent.com/gps-cs-s/AC9h4nq9pbKt8aVTvGCe3h23Zo5WTo8sSeJmkHV9l_ADKEF-C1O0mim5xtoPTryp9uysv8JJIq9GjvolrighCKFgkHPsFHdNWdi5czpbgnKs6ehPY6CESU6smKzUALki4ikcmcxqQ866=w426-h240-k-no","false","false","en","0","-11.6968879","130.8778586","Pamela Littlefair",,"en","false","ChIJ1YGMrNoawiwRL8pVSnyhv4c",,,"2 years ago","2023-06-16T11:55:58.304Z",,,,"ChdDSUhNMG9nS0VJQ0FnSUR4NThxcjdRRRAB","https://lh3.googleusercontent.com/geougc-cs/AB3l90AXXj4MdwdOagxmiRmrIldket6tnaMdq5JjJhvygKTgbRWhTN5XGqyFaDJweJDFoFA5IxwJFVhxqBjy23zENPRkRGHepwSUYQUC4IswKVjMWC9XGrDkcKBrpCIS6V9gGEvAvpQb",,,,,,,,,,,,,,,,,,,,,,,,,,,,,,,,,,,,"Google","https://www.google.com/maps/reviews/data=!4m8!14m7!1m6!2m5!1sChdDSUhNMG9nS0VJQ0FnSUR4NThxcjdRRRAB!2m1!1s0x0:0x87bfa17c4a55ca2f!3m1!1s2@1:CIHM0ogKEICAgIDx58qr7QE%7C%7C?hl=en","103311514407499981743","12","https://lh3.googleusercontent.com/a/ACg8ocLlgGCeP0-ZEEc7jZ3QW6w5GlvKWMRuyDKZ3upagyyrrbXdLQ=s1920-c-rp-mo-br100","https://www.google.com/maps/contrib/103311514407499981743?hl=en","51","2025-09-22T03:34:22.153Z","Direct Detail URL: https://www.google.com/maps/place/Tiwi+Islands/@-11.5160547,129.4621993,8z/data=!3m1!4b1!4m6!3m5!1s0x2cc21adaac8c81d5:0x87bfa17c4a55ca2f!8m2!3d-11.6968879!4d130.8778586!16zL20vMDVmcTFn?entry=ttu&g_ep=EgoyMDI1MDkxNy4wIKXMDSoASAFQAw%3D%3D","5","Northern Territory",,"false","The people from Tiwi are wonderful! The islands are spectacular. We went on Tiwi by Design and had such a great day with Vivian. Don’t miss this unforgettable place",,"Tiwi Islands","4.2",,"https://www.google.com/maps/search/?api=1&query=Tiwi%20Islands&query_place_id=ChIJ1YGMrNoawiwRL8pVSnyhv4c",
"Tiwi Islands NT 0822, Australia","Island","Island","9781714470867159599","Tiwi Islands","AU","0x2cc21adaac8c81d5:0x87bfa17c4a55ca2f","https://lh3.googleusercontent.com/gps-cs-s/AC9h4nq9pbKt8aVTvGCe3h23Zo5WTo8sSeJmkHV9l_ADKEF-C1O0mim5xtoPTryp9uysv8JJIq9GjvolrighCKFgkHPsFHdNWdi5czpbgnKs6ehPY6CESU6smKzUALki4ikcmcxqQ866=w426-h240-k-no","false","false","en","0","-11.6968879","130.8778586","bijoy",,,"false","ChIJ1YGMrNoawiwRL8pVSnyhv4c",,,"2 years ago","2023-01-10T07:12:12.451Z",,,,"ChdDSUhNMG9nS0VJQ0FnSURCaUo2ZzFnRRAB",,,,,,,,,,,,,,,,,,,,,,,,,,,,,,,,,,,,,"Google","https://www.google.com/maps/reviews/data=!4m8!14m7!1m6!2m5!1sChdDSUhNMG9nS0VJQ0FnSURCaUo2ZzFnRRAB!2m1!1s0x0:0x87bfa17c4a55ca2f!3m1!1s2@1:CIHM0ogKEICAgIDBiJ6g1gE%7C%7C?hl=en","105427559853306564582","0","https://lh3.googleusercontent.com/a/ACg8ocJbCcNc5cN7aLZ_IvGAPjAfy_KSNQCxajXqOq8IEHP1SbV0rg=s1920-c-rp-mo-br100","https://www.google.com/maps/contrib/105427559853306564582?hl=en","51","2025-09-22T03:34:22.153Z","Direct Detail URL: https://www.google.com/maps/place/Tiwi+Islands/@-11.5160547,129.4621993,8z/data=!3m1!4b1!4m6!3m5!1s0x2cc21adaac8c81d5:0x87bfa17c4a55ca2f!8m2!3d-11.6968879!4d130.8778586!16zL20vMDVmcTFn?entry=ttu&g_ep=EgoyMDI1MDkxNy4wIKXMDSoASAFQAw%3D%3D","4","Northern Territory",,"false",,,"Tiwi Islands","4.2",,"https://www.google.com/maps/search/?api=1&query=Tiwi%20Islands&query_place_id=ChIJ1YGMrNoawiwRL8pVSnyhv4c",
"Tiwi Islands NT 0822, Australia","Island","Island","9781714470867159599","Tiwi Islands","AU","0x2cc21adaac8c81d5:0x87bfa17c4a55ca2f","https://lh3.googleusercontent.com/gps-cs-s/AC9h4nq9pbKt8aVTvGCe3h23Zo5WTo8sSeJmkHV9l_ADKEF-C1O0mim5xtoPTryp9uysv8JJIq9GjvolrighCKFgkHPsFHdNWdi5czpbgnKs6ehPY6CESU6smKzUALki4ikcmcxqQ866=w426-h240-k-no","false","true","en","0","-11.6968879","130.8778586","Theart Venter",,"en","false","ChIJ1YGMrNoawiwRL8pVSnyhv4c",,,"2 years ago","2022-10-17T03:52:56.730Z",,,,"ChZDSUhNMG9nS0VJQ0FnSURlN2MyOU9BEAE",,,,,,,,,,,,,,,,,,,,,,,,,,,,,,,,,,,,,"Google","https://www.google.com/maps/reviews/data=!4m8!14m7!1m6!2m5!1sChZDSUhNMG9nS0VJQ0FnSURlN2MyOU9BEAE!2m1!1s0x0:0x87bfa17c4a55ca2f!3m1!1s2@1:CIHM0ogKEICAgIDe7c29OA%7C%7C?hl=en","114837421824126742775","12","https://lh3.googleusercontent.com/a/ACg8ocJTmeoiVouCJ55tHlA6RFU8MlFuDZQmMiNZRpbFSKdcJP6xeg=s1920-c-rp-mo-ba2-br100","https://www.google.com/maps/contrib/114837421824126742775?hl=en","51","2025-09-22T03:34:22.153Z","Direct Detail URL: https://www.google.com/maps/place/Tiwi+Islands/@-11.5160547,129.4621993,8z/data=!3m1!4b1!4m6!3m5!1s0x2cc21adaac8c81d5:0x87bfa17c4a55ca2f!8m2!3d-11.6968879!4d130.8778586!16zL20vMDVmcTFn?entry=ttu&g_ep=EgoyMDI1MDkxNy4wIKXMDSoASAFQAw%3D%3D","5","Northern Territory",,"false","Very nice place they are so nice
Definitely recommend",,"Tiwi Islands","4.2",,"https://www.google.com/maps/search/?api=1&query=Tiwi%20Islands&query_place_id=ChIJ1YGMrNoawiwRL8pVSnyhv4c",
"Tiwi Islands NT 0822, Australia","Island","Island","9781714470867159599","Tiwi Islands","AU","0x2cc21adaac8c81d5:0x87bfa17c4a55ca2f","https://lh3.googleusercontent.com/gps-cs-s/AC9h4nq9pbKt8aVTvGCe3h23Zo5WTo8sSeJmkHV9l_ADKEF-C1O0mim5xtoPTryp9uysv8JJIq9GjvolrighCKFgkHPsFHdNWdi5czpbgnKs6ehPY6CESU6smKzUALki4ikcmcxqQ866=w426-h240-k-no","false","true","en","0","-11.6968879","130.8778586","Jennifer Wilson",,"en","false","ChIJ1YGMrNoawiwRL8pVSnyhv4c",,,"2 years ago","2022-10-09T02:35:44.745Z",,,,"ChRDSUhNMG9nS0VJQ0FnSURleHJzMBAB",,,,,,,,,,,,,,,,,,,,,,,,,,,,,,,,,,,,,"Google","https://www.google.com/maps/reviews/data=!4m8!14m7!1m6!2m5!1sChRDSUhNMG9nS0VJQ0FnSURleHJzMBAB!2m1!1s0x0:0x87bfa17c4a55ca2f!3m1!1s2@1:CIHM0ogKEICAgIDexrs0%7C%7C?hl=en","103050067197932849168","118","https://lh3.googleusercontent.com/a-/ALV-UjXaVEY8JuNfkbYI46e_bSSWIbqvC_xTFpPFIJVj9xDuP0WjObXW=s1920-c-rp-mo-ba4-br100","https://www.google.com/maps/contrib/103050067197932849168?hl=en","51","2025-09-22T03:34:22.153Z","Direct Detail URL: https://www.google.com/maps/place/Tiwi+Islands/@-11.5160547,129.4621993,8z/data=!3m1!4b1!4m6!3m5!1s0x2cc21adaac8c81d5:0x87bfa17c4a55ca2f!8m2!3d-11.6968879!4d130.8778586!16zL20vMDVmcTFn?entry=ttu&g_ep=EgoyMDI1MDkxNy4wIKXMDSoASAFQAw%3D%3D","5","Northern Territory",,"false","Best place ever",,"Tiwi Islands","4.2",,"https://www.google.com/maps/search/?api=1&query=Tiwi%20Islands&query_place_id=ChIJ1YGMrNoawiwRL8pVSnyhv4c",
"Tiwi Islands NT 0822, Australia","Island","Island","9781714470867159599","Tiwi Islands","AU","0x2cc21adaac8c81d5:0x87bfa17c4a55ca2f","https://lh3.googleusercontent.com/gps-cs-s/AC9h4nq9pbKt8aVTvGCe3h23Zo5WTo8sSeJmkHV9l_ADKEF-C1O0mim5xtoPTryp9uysv8JJIq9GjvolrighCKFgkHPsFHdNWdi5czpbgnKs6ehPY6CESU6smKzUALki4ikcmcxqQ866=w426-h240-k-no","false","true","en","0","-11.6968879","130.8778586","xiangwan gao",,,"false","ChIJ1YGMrNoawiwRL8pVSnyhv4c",,,"2 years ago","2022-09-29T12:53:04.324Z",,,,"ChdDSUhNMG9nS0VJQ0FnSURla0xpS3VRRRAB",,,,,,,,,,,,,,,,,,,,,,,,,,,,,,,,,,,,,"Google","https://www.google.com/maps/reviews/data=!4m8!14m7!1m6!2m5!1sChdDSUhNMG9nS0VJQ0FnSURla0xpS3VRRRAB!2m1!1s0x0:0x87bfa17c4a55ca2f!3m1!1s2@1:CIHM0ogKEICAgIDekLiKuQE%7C%7C?hl=en","116181360860246978761","7","https://lh3.googleusercontent.com/a-/ALV-UjUeNbUDbo1Sdj5gupguI4RduETQWorXa7wrnqP_AdoTFZW0WIM=s1920-c-rp-mo-ba2-br100","https://www.google.com/maps/contrib/116181360860246978761?hl=en","51","2025-09-22T03:34:22.153Z","Direct Detail URL: https://www.google.com/maps/place/Tiwi+Islands/@-11.5160547,129.4621993,8z/data=!3m1!4b1!4m6!3m5!1s0x2cc21adaac8c81d5:0x87bfa17c4a55ca2f!8m2!3d-11.6968879!4d130.8778586!16zL20vMDVmcTFn?entry=ttu&g_ep=EgoyMDI1MDkxNy4wIKXMDSoASAFQAw%3D%3D","5","Northern Territory",,"false",,,"Tiwi Islands","4.2",,"https://www.google.com/maps/search/?api=1&query=Tiwi%20Islands&query_place_id=ChIJ1YGMrNoawiwRL8pVSnyhv4c",
"Tiwi Islands NT 0822, Australia","Island","Island","9781714470867159599","Tiwi Islands","AU","0x2cc21adaac8c81d5:0x87bfa17c4a55ca2f","https://lh3.googleusercontent.com/gps-cs-s/AC9h4nq9pbKt8aVTvGCe3h23Zo5WTo8sSeJmkHV9l_ADKEF-C1O0mim5xtoPTryp9uysv8JJIq9GjvolrighCKFgkHPsFHdNWdi5czpbgnKs6ehPY6CESU6smKzUALki4ikcmcxqQ866=w426-h240-k-no","false","true","en","0","-11.6968879","130.8778586","Barbara Pollini",,"it","false","ChIJ1YGMrNoawiwRL8pVSnyhv4c",,,"3 years ago","2022-09-03T04:29:37.861Z",,,,"ChdDSUhNMG9nS0VJQ0FnSUNld0x6and3RRAB",,,,,,,,,,,,,,,,,,,,,,,,,,,,,,,,,,,,,"Google","https://www.google.com/maps/reviews/data=!4m8!14m7!1m6!2m5!1sChdDSUhNMG9nS0VJQ0FnSUNld0x6and3RRAB!2m1!1s0x0:0x87bfa17c4a55ca2f!3m1!1s2@1:CIHM0ogKEICAgICewLzjwwE%7C%7C?hl=en","110104794635683383383","223","https://lh3.googleusercontent.com/a/ACg8ocI4zxjGMyjwmwW96261K7_oJXqgs6QoLUfElwdlqaIkvc2v5A=s1920-c-rp-mo-ba5-br100","https://www.google.com/maps/contrib/110104794635683383383?hl=en","51","2025-09-22T03:34:22.153Z","Direct Detail URL: https://www.google.com/maps/place/Tiwi+Islands/@-11.5160547,129.4621993,8z/data=!3m1!4b1!4m6!3m5!1s0x2cc21adaac8c81d5:0x87bfa17c4a55ca2f!8m2!3d-11.6968879!4d130.8778586!16zL20vMDVmcTFn?entry=ttu&g_ep=EgoyMDI1MDkxNy4wIKXMDSoASAFQAw%3D%3D","1","Northern Territory",,"false","Avevo grandi aspettative da quest isola . Escursione troppo turistica troppo cara ...4 aborigeni in croce svogliati x nn dire altro con 4 balletti e un po di buffet freddo .
Più di 4 ore di traghetto ...potevo fare altro..sconsigliata ai veri viaggiatori","I had high expectations from this island. Too touristy, too expensive excursion... 4 lazy Aborigines to say the least with 4 dances and a bit of a cold buffet.
More than 4 hours of ferry... I could have done something else... not recommended for real travellers","Tiwi Islands","4.2","en","https://www.google.com/maps/search/?api=1&query=Tiwi%20Islands&query_place_id=ChIJ1YGMrNoawiwRL8pVSnyhv4c",
"Tiwi Islands NT 0822, Australia","Island","Island","9781714470867159599","Tiwi Islands","AU","0x2cc21adaac8c81d5:0x87bfa17c4a55ca2f","https://lh3.googleusercontent.com/gps-cs-s/AC9h4nq9pbKt8aVTvGCe3h23Zo5WTo8sSeJmkHV9l_ADKEF-C1O0mim5xtoPTryp9uysv8JJIq9GjvolrighCKFgkHPsFHdNWdi5czpbgnKs6ehPY6CESU6smKzUALki4ikcmcxqQ866=w426-h240-k-no","false","false","en","0","-11.6968879","130.8778586","alan gunter",,"en","false","ChIJ1YGMrNoawiwRL8pVSnyhv4c",,,"3 years ago","2022-04-08T01:00:34.825Z",,,,"ChZDSUhNMG9nS0VJQ0FnSURXNy1Ua0J3EAE",,,,,,,,,,,,,,,,,,,,,,,,,,,,,,,,,,,,,"Google","https://www.google.com/maps/reviews/data=!4m8!14m7!1m6!2m5!1sChZDSUhNMG9nS0VJQ0FnSURXNy1Ua0J3EAE!2m1!1s0x0:0x87bfa17c4a55ca2f!3m1!1s2@1:CIHM0ogKEICAgIDW7-TkBw%7C%7C?hl=en","102984036334094536007","4","https://lh3.googleusercontent.com/a-/ALV-UjVwS0gTixXoj0HdD9jgKHcSRdhmlOlr8cJh2a6ZwpsMv60ds34=s1920-c-rp-mo-br100","https://www.google.com/maps/contrib/102984036334094536007?hl=en","51","2025-09-22T03:34:22.153Z","Direct Detail URL: https://www.google.com/maps/place/Tiwi+Islands/@-11.5160547,129.4621993,8z/data=!3m1!4b1!4m6!3m5!1s0x2cc21adaac8c81d5:0x87bfa17c4a55ca2f!8m2!3d-11.6968879!4d130.8778586!16zL20vMDVmcTFn?entry=ttu&g_ep=EgoyMDI1MDkxNy4wIKXMDSoASAFQAw%3D%3D","5","Northern Territory",,"false","If your into culture then attend this islands art centre, museum and tour. Full of historical history, dream time story's, songs and dances of each native animal to the region. The tour guide was amazing and gave me heaps of gifts. Definitely a place to be. If you are a racist I suggest you go to the UK or Darwins bombing tour guide or something more relevant to you. Mature and indigenous people, this is for you all 👍🏼. I rate 5,000 out of 100. Definitely going back.",,"Tiwi Islands","4.2",,"https://www.google.com/maps/search/?api=1&query=Tiwi%20Islands&query_place_id=ChIJ1YGMrNoawiwRL8pVSnyhv4c",
"Tiwi Islands NT 0822, Australia","Island","Island","9781714470867159599","Tiwi Islands","AU","0x2cc21adaac8c81d5:0x87bfa17c4a55ca2f","https://lh3.googleusercontent.com/gps-cs-s/AC9h4nq9pbKt8aVTvGCe3h23Zo5WTo8sSeJmkHV9l_ADKEF-C1O0mim5xtoPTryp9uysv8JJIq9GjvolrighCKFgkHPsFHdNWdi5czpbgnKs6ehPY6CESU6smKzUALki4ikcmcxqQ866=w426-h240-k-no","false","true","en","0","-11.6968879","130.8778586","D Anuj",,"en","false","ChIJ1YGMrNoawiwRL8pVSnyhv4c",,,"3 years ago","2022-02-23T03:33:46.881Z",,,,"ChdDSUhNMG9nS0VJQ0FnSUNXOHBmVTJRRRAB","https://lh3.googleusercontent.com/geougc-cs/AB3l90BYoufUGifM5IDHNX4KZnESHiFYN6XJkqLKn-kK1sxo6MY5wSzy7Hc5Gflq5aBRfz7lcXWMG2c2t4C4j0v8M9FVcJWb5HJM9yh5eiJeeXQkhfuL6-KDnRUQ068pUqXOtoMbDmag",,,,,,,,,,,,,,,,,,,,,,,,,,,,,,,,,,,,"Google","https://www.google.com/maps/reviews/data=!4m8!14m7!1m6!2m5!1sChdDSUhNMG9nS0VJQ0FnSUNXOHBmVTJRRRAB!2m1!1s0x0:0x87bfa17c4a55ca2f!3m1!1s2@1:CIHM0ogKEICAgICW8pfU2QE%7C%7C?hl=en","116121041473342860463","12","https://lh3.googleusercontent.com/a-/ALV-UjXwdA_C5VjTL1yJ7fUAbwWGaSKSu8aszjUXTF7bw9l-jMwOnnxJ=s1920-c-rp-mo-ba2-br100","https://www.google.com/maps/contrib/116121041473342860463?hl=en","51","2025-09-22T03:34:22.153Z","Direct Detail URL: https://www.google.com/maps/place/Tiwi+Islands/@-11.5160547,129.4621993,8z/data=!3m1!4b1!4m6!3m5!1s0x2cc21adaac8c81d5:0x87bfa17c4a55ca2f!8m2!3d-11.6968879!4d130.8778586!16zL20vMDVmcTFn?entry=ttu&g_ep=EgoyMDI1MDkxNy4wIKXMDSoASAFQAw%3D%3D","5","Northern Territory",,"false","Vary bad situations of real Australian",,"Tiwi Islands","4.2",,"https://www.google.com/maps/search/?api=1&query=Tiwi%20Islands&query_place_id=ChIJ1YGMrNoawiwRL8pVSnyhv4c",
"Tiwi Islands NT 0822, Australia","Island","Island","9781714470867159599","Tiwi Islands","AU","0x2cc21adaac8c81d5:0x87bfa17c4a55ca2f","https://lh3.googleusercontent.com/gps-cs-s/AC9h4nq9pbKt8aVTvGCe3h23Zo5WTo8sSeJmkHV9l_ADKEF-C1O0mim5xtoPTryp9uysv8JJIq9GjvolrighCKFgkHPsFHdNWdi5czpbgnKs6ehPY6CESU6smKzUALki4ikcmcxqQ866=w426-h240-k-no","false","false","en","0","-11.6968879","130.8778586","jecqueline abdereman",,,"false","ChIJ1YGMrNoawiwRL8pVSnyhv4c",,,"4 years ago","2021-08-18T11:50:25.396Z",,,,"ChZDSUhNMG9nS0VJQ0FnSURhOHZIa1VnEAE",,,,,,,,,,,,,,,,,,,,,,,,,,,,,,,,,,,,,"Google","https://www.google.com/maps/reviews/data=!4m8!14m7!1m6!2m5!1sChZDSUhNMG9nS0VJQ0FnSURhOHZIa1VnEAE!2m1!1s0x0:0x87bfa17c4a55ca2f!3m1!1s2@1:CIHM0ogKEICAgIDa8vHkUg%7C%7C?hl=en","100194592239043918319","0","https://lh3.googleusercontent.com/a/ACg8ocLIkECc1hnGY9SkTf40HUxa06VKAjABGWsasJi-6CuG3dew8g=s1920-c-rp-mo-br100","https://www.google.com/maps/contrib/100194592239043918319?hl=en","51","2025-09-22T03:34:22.153Z","Direct Detail URL: https://www.google.com/maps/place/Tiwi+Islands/@-11.5160547,129.4621993,8z/data=!3m1!4b1!4m6!3m5!1s0x2cc21adaac8c81d5:0x87bfa17c4a55ca2f!8m2!3d-11.6968879!4d130.8778586!16zL20vMDVmcTFn?entry=ttu&g_ep=EgoyMDI1MDkxNy4wIKXMDSoASAFQAw%3D%3D","3","Northern Territory",,"false",,,"Tiwi Islands","4.2",,"https://www.google.com/maps/search/?api=1&query=Tiwi%20Islands&query_place_id=ChIJ1YGMrNoawiwRL8pVSnyhv4c",
"Tiwi Islands NT 0822, Australia","Island","Island","9781714470867159599","Tiwi Islands","AU","0x2cc21adaac8c81d5:0x87bfa17c4a55ca2f","https://lh3.googleusercontent.com/gps-cs-s/AC9h4nq9pbKt8aVTvGCe3h23Zo5WTo8sSeJmkHV9l_ADKEF-C1O0mim5xtoPTryp9uysv8JJIq9GjvolrighCKFgkHPsFHdNWdi5czpbgnKs6ehPY6CESU6smKzUALki4ikcmcxqQ866=w426-h240-k-no","false","true","en","0","-11.6968879","130.8778586","Gillian Larner",,"en","false","ChIJ1YGMrNoawiwRL8pVSnyhv4c",,,"4 years ago","2021-08-02T06:44:43.791Z",,,,"ChdDSUhNMG9nS0VJQ0FnSUNhX3NqeHRnRRAB",,,,,,,,,,,,,,,,,,,,,,,,,,,,,,,,,,,,,"Google","https://www.google.com/maps/reviews/data=!4m8!14m7!1m6!2m5!1sChdDSUhNMG9nS0VJQ0FnSUNhX3NqeHRnRRAB!2m1!1s0x0:0x87bfa17c4a55ca2f!3m1!1s2@1:CIHM0ogKEICAgICa_sjxtgE%7C%7C?hl=en","107106077047100637340","125","https://lh3.googleusercontent.com/a-/ALV-UjWQJVzMt4YepOH12BOm9A0ia52_dUeQT5Kvr3WtKvDV5y6PZGqr=s1920-c-rp-mo-ba4-br100","https://www.google.com/maps/contrib/107106077047100637340?hl=en","51","2025-09-22T03:34:22.153Z","Direct Detail URL: https://www.google.com/maps/place/Tiwi+Islands/@-11.5160547,129.4621993,8z/data=!3m1!4b1!4m6!3m5!1s0x2cc21adaac8c81d5:0x87bfa17c4a55ca2f!8m2!3d-11.6968879!4d130.8778586!16zL20vMDVmcTFn?entry=ttu&g_ep=EgoyMDI1MDkxNy4wIKXMDSoASAFQAw%3D%3D","1","Northern Territory",,"false","Nice ferry ride across to island.  Only one art shop open,  all the others on the map given to us were closed.  No where to buy lunch except local supermarket.  Place was littered with rubbish and public toilet was unusable.  Very disappointed and was glad to get back on boat to get lunch.  People were very friendly and I could see the island surrounds were beautiful.  Perhaps if one toured around the island and took all their own food, it may be nice but to just catch ferry over to sight see was not a good option.",,"Tiwi Islands","4.2",,"https://www.google.com/maps/search/?api=1&query=Tiwi%20Islands&query_place_id=ChIJ1YGMrNoawiwRL8pVSnyhv4c",
"Tiwi Islands NT 0822, Australia","Island","Island","9781714470867159599","Tiwi Islands","AU","0x2cc21adaac8c81d5:0x87bfa17c4a55ca2f","https://lh3.googleusercontent.com/gps-cs-s/AC9h4nq9pbKt8aVTvGCe3h23Zo5WTo8sSeJmkHV9l_ADKEF-C1O0mim5xtoPTryp9uysv8JJIq9GjvolrighCKFgkHPsFHdNWdi5czpbgnKs6ehPY6CESU6smKzUALki4ikcmcxqQ866=w426-h240-k-no","false","false","en","0","-11.6968879","130.8778586","Dhanasri Amutha",,,"false","ChIJ1YGMrNoawiwRL8pVSnyhv4c",,,"4 years ago","2021-07-07T05:35:48.942Z",,,,"ChZDSUhNMG9nS0VJQ0FnSURxcG83UWVnEAE",,,,,,,,,,,,,,,,,,,,,,,,,,,,,,,,,,,,,"Google","https://www.google.com/maps/reviews/data=!4m8!14m7!1m6!2m5!1sChZDSUhNMG9nS0VJQ0FnSURxcG83UWVnEAE!2m1!1s0x0:0x87bfa17c4a55ca2f!3m1!1s2@1:CIHM0ogKEICAgIDqpo7Qeg%7C%7C?hl=en","110070488139014748561","0","https://lh3.googleusercontent.com/a-/ALV-UjXiK0v3JQy0iykZPe4sAQjvtN-wbQCU0s1qYkC87wA5JOq-Upo=s1920-c-rp-mo-br100","https://www.google.com/maps/contrib/110070488139014748561?hl=en","51","2025-09-22T03:34:22.153Z","Direct Detail URL: https://www.google.com/maps/place/Tiwi+Islands/@-11.5160547,129.4621993,8z/data=!3m1!4b1!4m6!3m5!1s0x2cc21adaac8c81d5:0x87bfa17c4a55ca2f!8m2!3d-11.6968879!4d130.8778586!16zL20vMDVmcTFn?entry=ttu&g_ep=EgoyMDI1MDkxNy4wIKXMDSoASAFQAw%3D%3D","5","Northern Territory",,"false",,,"Tiwi Islands","4.2",,"https://www.google.com/maps/search/?api=1&query=Tiwi%20Islands&query_place_id=ChIJ1YGMrNoawiwRL8pVSnyhv4c",
"Tiwi Islands NT 0822, Australia","Island","Island","9781714470867159599","Tiwi Islands","AU","0x2cc21adaac8c81d5:0x87bfa17c4a55ca2f","https://lh3.googleusercontent.com/gps-cs-s/AC9h4nq9pbKt8aVTvGCe3h23Zo5WTo8sSeJmkHV9l_ADKEF-C1O0mim5xtoPTryp9uysv8JJIq9GjvolrighCKFgkHPsFHdNWdi5czpbgnKs6ehPY6CESU6smKzUALki4ikcmcxqQ866=w426-h240-k-no","false","false","en","0","-11.6968879","130.8778586","Shuaib gamerz",,,"false","ChIJ1YGMrNoawiwRL8pVSnyhv4c",,,"4 years ago","2021-02-02T13:30:40.971Z",,,,"ChdDSUhNMG9nS0VJQ0FnSUN5NFpTOHJnRRAB",,,,,,,,,,,,,,,,,,,,,,,,,,,,,,,,,,,,,"Google","https://www.google.com/maps/reviews/data=!4m8!14m7!1m6!2m5!1sChdDSUhNMG9nS0VJQ0FnSUN5NFpTOHJnRRAB!2m1!1s0x0:0x87bfa17c4a55ca2f!3m1!1s2@1:CIHM0ogKEICAgICy4ZS8rgE%7C%7C?hl=en","113010748575103496842","0","https://lh3.googleusercontent.com/a/ACg8ocJO3AH2_uumGgQH3sLvumAUjzBju49D5t_HsFsG5olhyb8PfA=s1920-c-rp-mo-br100","https://www.google.com/maps/contrib/113010748575103496842?hl=en","51","2025-09-22T03:34:22.153Z","Direct Detail URL: https://www.google.com/maps/place/Tiwi+Islands/@-11.5160547,129.4621993,8z/data=!3m1!4b1!4m6!3m5!1s0x2cc21adaac8c81d5:0x87bfa17c4a55ca2f!8m2!3d-11.6968879!4d130.8778586!16zL20vMDVmcTFn?entry=ttu&g_ep=EgoyMDI1MDkxNy4wIKXMDSoASAFQAw%3D%3D","5","Northern Territory",,"false",,,"Tiwi Islands","4.2",,"https://www.google.com/maps/search/?api=1&query=Tiwi%20Islands&query_place_id=ChIJ1YGMrNoawiwRL8pVSnyhv4c",
"Tiwi Islands NT 0822, Australia","Island","Island","9781714470867159599","Tiwi Islands","AU","0x2cc21adaac8c81d5:0x87bfa17c4a55ca2f","https://lh3.googleusercontent.com/gps-cs-s/AC9h4nq9pbKt8aVTvGCe3h23Zo5WTo8sSeJmkHV9l_ADKEF-C1O0mim5xtoPTryp9uysv8JJIq9GjvolrighCKFgkHPsFHdNWdi5czpbgnKs6ehPY6CESU6smKzUALki4ikcmcxqQ866=w426-h240-k-no","false","true","en","0","-11.6968879","130.8778586","A. S",,"en","false","ChIJ1YGMrNoawiwRL8pVSnyhv4c",,,"4 years ago","2021-01-26T08:14:01.651Z",,,,"ChZDSUhNMG9nS0VJQ0FnSUN5eXN1cVp3EAE",,,,,,,,,,,,,,,,,,,,,,,,,,,,,,,,,,,,,"Google","https://www.google.com/maps/reviews/data=!4m8!14m7!1m6!2m5!1sChZDSUhNMG9nS0VJQ0FnSUN5eXN1cVp3EAE!2m1!1s0x0:0x87bfa17c4a55ca2f!3m1!1s2@1:CIHM0ogKEICAgICyysuqZw%7C%7C?hl=en","101110496823736225744","27","https://lh3.googleusercontent.com/a-/ALV-UjW_WmshuGPHt0fB9kmw2bY4MYH-Hudjk2fXOPTZCT15jJI5PBDj=s1920-c-rp-mo-ba2-br100","https://www.google.com/maps/contrib/101110496823736225744?hl=en","51","2025-09-22T03:34:22.153Z","Direct Detail URL: https://www.google.com/maps/place/Tiwi+Islands/@-11.5160547,129.4621993,8z/data=!3m1!4b1!4m6!3m5!1s0x2cc21adaac8c81d5:0x87bfa17c4a55ca2f!8m2!3d-11.6968879!4d130.8778586!16zL20vMDVmcTFn?entry=ttu&g_ep=EgoyMDI1MDkxNy4wIKXMDSoASAFQAw%3D%3D","3","Northern Territory",,"false","This part of Australia is different than the Australia you know. The climate feels like I am in my own country. I wish I can leave this place soon. But, the people are nice and friendly. That is what matters to us.",,"Tiwi Islands","4.2",,"https://www.google.com/maps/search/?api=1&query=Tiwi%20Islands&query_place_id=ChIJ1YGMrNoawiwRL8pVSnyhv4c",
"Tiwi Islands NT 0822, Australia","Island","Island","9781714470867159599","Tiwi Islands","AU","0x2cc21adaac8c81d5:0x87bfa17c4a55ca2f","https://lh3.googleusercontent.com/gps-cs-s/AC9h4nq9pbKt8aVTvGCe3h23Zo5WTo8sSeJmkHV9l_ADKEF-C1O0mim5xtoPTryp9uysv8JJIq9GjvolrighCKFgkHPsFHdNWdi5czpbgnKs6ehPY6CESU6smKzUALki4ikcmcxqQ866=w426-h240-k-no","false","true","en","0","-11.6968879","130.8778586","Dave Howsam",,,"false","ChIJ1YGMrNoawiwRL8pVSnyhv4c",,,"4 years ago","2021-01-19T20:15:47.037Z",,,,"ChZDSUhNMG9nS0VJQ0FnSUN5eE95WkVBEAE",,,,,,,,,,,,,,,,,,,,,,,,,,,,,,,,,,,,,"Google","https://www.google.com/maps/reviews/data=!4m8!14m7!1m6!2m5!1sChZDSUhNMG9nS0VJQ0FnSUN5eE95WkVBEAE!2m1!1s0x0:0x87bfa17c4a55ca2f!3m1!1s2@1:CIHM0ogKEICAgICyxOyZEA%7C%7C?hl=en","103524560398974126649","124","https://lh3.googleusercontent.com/a-/ALV-UjU3arehdA3IZNm8h7ZHT0yJRmWYPd-mNpdTYV22R1hsyo-XyCFG=s1920-c-rp-mo-ba4-br100","https://www.google.com/maps/contrib/103524560398974126649?hl=en","51","2025-09-22T03:34:22.153Z","Direct Detail URL: https://www.google.com/maps/place/Tiwi+Islands/@-11.5160547,129.4621993,8z/data=!3m1!4b1!4m6!3m5!1s0x2cc21adaac8c81d5:0x87bfa17c4a55ca2f!8m2!3d-11.6968879!4d130.8778586!16zL20vMDVmcTFn?entry=ttu&g_ep=EgoyMDI1MDkxNy4wIKXMDSoASAFQAw%3D%3D","5","Northern Territory",,"false",,,"Tiwi Islands","4.2",,"https://www.google.com/maps/search/?api=1&query=Tiwi%20Islands&query_place_id=ChIJ1YGMrNoawiwRL8pVSnyhv4c",
"Tiwi Islands NT 0822, Australia","Island","Island","9781714470867159599","Tiwi Islands","AU","0x2cc21adaac8c81d5:0x87bfa17c4a55ca2f","https://lh3.googleusercontent.com/gps-cs-s/AC9h4nq9pbKt8aVTvGCe3h23Zo5WTo8sSeJmkHV9l_ADKEF-C1O0mim5xtoPTryp9uysv8JJIq9GjvolrighCKFgkHPsFHdNWdi5czpbgnKs6ehPY6CESU6smKzUALki4ikcmcxqQ866=w426-h240-k-no","false","false","en","0","-11.6968879","130.8778586","Mick Torok",,,"false","ChIJ1YGMrNoawiwRL8pVSnyhv4c",,,"4 years ago","2020-11-25T05:15:04.992Z",,,,"ChdDSUhNMG9nS0VJQ0FnSURpeE5YdXl3RRAB",,,,,,,,,,,,,,,,,,,,,,,,,,,,,,,,,,,,,"Google","https://www.google.com/maps/reviews/data=!4m8!14m7!1m6!2m5!1sChdDSUhNMG9nS0VJQ0FnSURpeE5YdXl3RRAB!2m1!1s0x0:0x87bfa17c4a55ca2f!3m1!1s2@1:CIHM0ogKEICAgIDixNXuywE%7C%7C?hl=en","101709903003803009776","10","https://lh3.googleusercontent.com/a-/ALV-UjULJfRYj28KZ1o2fKAICM4lNC4BkpXbVKYqWXZIljJmqXaQlyuM=s1920-c-rp-mo-br100","https://www.google.com/maps/contrib/101709903003803009776?hl=en","51","2025-09-22T03:34:22.153Z","Direct Detail URL: https://www.google.com/maps/place/Tiwi+Islands/@-11.5160547,129.4621993,8z/data=!3m1!4b1!4m6!3m5!1s0x2cc21adaac8c81d5:0x87bfa17c4a55ca2f!8m2!3d-11.6968879!4d130.8778586!16zL20vMDVmcTFn?entry=ttu&g_ep=EgoyMDI1MDkxNy4wIKXMDSoASAFQAw%3D%3D","5","Northern Territory",,"false",,,"Tiwi Islands","4.2",,"https://www.google.com/maps/search/?api=1&query=Tiwi%20Islands&query_place_id=ChIJ1YGMrNoawiwRL8pVSnyhv4c",
"Tiwi Islands NT 0822, Australia","Island","Island","9781714470867159599","Tiwi Islands","AU","0x2cc21adaac8c81d5:0x87bfa17c4a55ca2f","https://lh3.googleusercontent.com/gps-cs-s/AC9h4nq9pbKt8aVTvGCe3h23Zo5WTo8sSeJmkHV9l_ADKEF-C1O0mim5xtoPTryp9uysv8JJIq9GjvolrighCKFgkHPsFHdNWdi5czpbgnKs6ehPY6CESU6smKzUALki4ikcmcxqQ866=w426-h240-k-no","false","true","en","0","-11.6968879","130.8778586","Nathan Atlantis",,"en","false","ChIJ1YGMrNoawiwRL8pVSnyhv4c",,,"4 years ago","2020-10-13T04:47:32.178Z",,,,"ChZDSUhNMG9nS0VJQ0FnSURDMi1iTkN3EAE","https://lh3.googleusercontent.com/geougc-cs/AB3l90Bcy4kiQ4T0egAyvUseK_sIzcfNxkpEEMhHVO1ppe4wKkK8iNMcxPpc9sH0xDNf72wCijZPCGKIgFCZGOL1Sbx4-ffPajNazi5CQ2xOCAiM2wTul00RgMFQp4YEW_fru23IhN4","https://lh3.googleusercontent.com/geougc-cs/AB3l90C_MUVBiJXyNCOkKHGX2vsdw_-wTIi6k272-1YDxgAW9_5ZvwL1DlyI4HsUmxNTFRJW5bdzuIInCjyjz5gtthZvc5kCaxKGjb9Jb2SS1e1mAiwk3ZVBL4idCWf-PCq0rNSmsyTVww","https://lh3.googleusercontent.com/geougc-cs/AB3l90BnqKwVpbusIIkZEbzIFxbLxqtQcZ-nrNx6Za6fyeFS602I_VZWhAJmAlraErh1zbMhAp5Uitpme_LA50jDhatMBuUA84JSt4963pjp4tNYiZNwzc5Dh4rfz_q54O2rrzp4iJY",,,,,,,,,,,,,,,,,,,,,,,,,,,,,,,,,,"Google","https://www.google.com/maps/reviews/data=!4m8!14m7!1m6!2m5!1sChZDSUhNMG9nS0VJQ0FnSURDMi1iTkN3EAE!2m1!1s0x0:0x87bfa17c4a55ca2f!3m1!1s2@1:CIHM0ogKEICAgIDC2-bNCw%7C%7C?hl=en","100838783903721879964","99","https://lh3.googleusercontent.com/a-/ALV-UjWNcapX8RHXJUgz_Gluohr4BEKEceAvk7nh6_IpChVhVucKsSmP=s1920-c-rp-mo-ba5-br100","https://www.google.com/maps/contrib/100838783903721879964?hl=en","51","2025-09-22T03:34:22.153Z","Direct Detail URL: https://www.google.com/maps/place/Tiwi+Islands/@-11.5160547,129.4621993,8z/data=!3m1!4b1!4m6!3m5!1s0x2cc21adaac8c81d5:0x87bfa17c4a55ca2f!8m2!3d-11.6968879!4d130.8778586!16zL20vMDVmcTFn?entry=ttu&g_ep=EgoyMDI1MDkxNy4wIKXMDSoASAFQAw%3D%3D","5","Northern Territory",,"false","Part of a Lost Ancient Civilisation - Wish I could live there.",,"Tiwi Islands","4.2",,"https://www.google.com/maps/search/?api=1&query=Tiwi%20Islands&query_place_id=ChIJ1YGMrNoawiwRL8pVSnyhv4c",
"Tiwi Islands NT 0822, Australia","Island","Island","9781714470867159599","Tiwi Islands","AU","0x2cc21adaac8c81d5:0x87bfa17c4a55ca2f","https://lh3.googleusercontent.com/gps-cs-s/AC9h4nq9pbKt8aVTvGCe3h23Zo5WTo8sSeJmkHV9l_ADKEF-C1O0mim5xtoPTryp9uysv8JJIq9GjvolrighCKFgkHPsFHdNWdi5czpbgnKs6ehPY6CESU6smKzUALki4ikcmcxqQ866=w426-h240-k-no","false","false","en","0","-11.6968879","130.8778586","Graeme Johnson",,,"false","ChIJ1YGMrNoawiwRL8pVSnyhv4c",,,"5 years ago","2020-09-20T09:36:15.303Z",,,,"ChZDSUhNMG9nS0VJQ0FnSURDNHFXQ2VREAE",,,,,,,,,,,,,,,,,,,,,,,,,,,,,,,,,,,,,"Google","https://www.google.com/maps/reviews/data=!4m8!14m7!1m6!2m5!1sChZDSUhNMG9nS0VJQ0FnSURDNHFXQ2VREAE!2m1!1s0x0:0x87bfa17c4a55ca2f!3m1!1s2@1:CIHM0ogKEICAgIDC4qWCeQ%7C%7C?hl=en","102122126038954960230","0","https://lh3.googleusercontent.com/a/ACg8ocLHt3ibDlSN_pV8DZBSPBvk20msAPKhPudzjbVcDk8i8WCcGA=s1920-c-rp-mo-br100","https://www.google.com/maps/contrib/102122126038954960230?hl=en","51","2025-09-22T03:34:22.153Z","Direct Detail URL: https://www.google.com/maps/place/Tiwi+Islands/@-11.5160547,129.4621993,8z/data=!3m1!4b1!4m6!3m5!1s0x2cc21adaac8c81d5:0x87bfa17c4a55ca2f!8m2!3d-11.6968879!4d130.8778586!16zL20vMDVmcTFn?entry=ttu&g_ep=EgoyMDI1MDkxNy4wIKXMDSoASAFQAw%3D%3D","4","Northern Territory",,"false",,,"Tiwi Islands","4.2",,"https://www.google.com/maps/search/?api=1&query=Tiwi%20Islands&query_place_id=ChIJ1YGMrNoawiwRL8pVSnyhv4c",
"Tiwi Islands NT 0822, Australia","Island","Island","9781714470867159599","Tiwi Islands","AU","0x2cc21adaac8c81d5:0x87bfa17c4a55ca2f","https://lh3.googleusercontent.com/gps-cs-s/AC9h4nq9pbKt8aVTvGCe3h23Zo5WTo8sSeJmkHV9l_ADKEF-C1O0mim5xtoPTryp9uysv8JJIq9GjvolrighCKFgkHPsFHdNWdi5czpbgnKs6ehPY6CESU6smKzUALki4ikcmcxqQ866=w426-h240-k-no","false","false","en","0","-11.6968879","130.8778586","Angela Marshall",,"en","false","ChIJ1YGMrNoawiwRL8pVSnyhv4c",,,"5 years ago","2020-03-05T05:33:48.476Z",,,,"ChdDSUhNMG9nS0VJQ0FnSURzbnNlaHlRRRAB",,,,,,,,,,,,,,,,,,,,,,,,,,,,,,,,,,,,,"Google","https://www.google.com/maps/reviews/data=!4m8!14m7!1m6!2m5!1sChdDSUhNMG9nS0VJQ0FnSURzbnNlaHlRRRAB!2m1!1s0x0:0x87bfa17c4a55ca2f!3m1!1s2@1:CIHM0ogKEICAgIDsnsehyQE%7C%7C?hl=en","102854639537118384707","10","https://lh3.googleusercontent.com/a/ACg8ocJg_JqsyEv_DrLeIYOeMOAy5JGZTph1fR7hZlVbs1Lcm4huuA=s1920-c-rp-mo-br100","https://www.google.com/maps/contrib/102854639537118384707?hl=en","51","2025-09-22T03:34:22.153Z","Direct Detail URL: https://www.google.com/maps/place/Tiwi+Islands/@-11.5160547,129.4621993,8z/data=!3m1!4b1!4m6!3m5!1s0x2cc21adaac8c81d5:0x87bfa17c4a55ca2f!8m2!3d-11.6968879!4d130.8778586!16zL20vMDVmcTFn?entry=ttu&g_ep=EgoyMDI1MDkxNy4wIKXMDSoASAFQAw%3D%3D","5","Northern Territory",,"false","We had such a great day here, the people are so happy and welcoming. The scenery is quite beautiful and it is a really unique experience.",,"Tiwi Islands","4.2",,"https://www.google.com/maps/search/?api=1&query=Tiwi%20Islands&query_place_id=ChIJ1YGMrNoawiwRL8pVSnyhv4c",
"Tiwi Islands NT 0822, Australia","Island","Island","9781714470867159599","Tiwi Islands","AU","0x2cc21adaac8c81d5:0x87bfa17c4a55ca2f","https://lh3.googleusercontent.com/gps-cs-s/AC9h4nq9pbKt8aVTvGCe3h23Zo5WTo8sSeJmkHV9l_ADKEF-C1O0mim5xtoPTryp9uysv8JJIq9GjvolrighCKFgkHPsFHdNWdi5czpbgnKs6ehPY6CESU6smKzUALki4ikcmcxqQ866=w426-h240-k-no","false","false","en","0","-11.6968879","130.8778586","Frances -Salt",,,"false","ChIJ1YGMrNoawiwRL8pVSnyhv4c",,,"5 years ago","2020-01-21T19:38:52.412Z",,,,"ChZDSUhNMG9nS0VJQ0FnSUNzLUtYQ2JREAE",,,,,,,,,,,,,,,,,,,,,,,,,,,,,,,,,,,,,"Google","https://www.google.com/maps/reviews/data=!4m8!14m7!1m6!2m5!1sChZDSUhNMG9nS0VJQ0FnSUNzLUtYQ2JREAE!2m1!1s0x0:0x87bfa17c4a55ca2f!3m1!1s2@1:CIHM0ogKEICAgICs-KXCbQ%7C%7C?hl=en","103065513281468782041","8","https://lh3.googleusercontent.com/a-/ALV-UjVqWvw54NGrhl4wDxbTdBlqki1YcoUqQn4nZyerfSNd1CpYLyRb=s1920-c-rp-mo-br100","https://www.google.com/maps/contrib/103065513281468782041?hl=en","51","2025-09-22T03:34:22.153Z","Direct Detail URL: https://www.google.com/maps/place/Tiwi+Islands/@-11.5160547,129.4621993,8z/data=!3m1!4b1!4m6!3m5!1s0x2cc21adaac8c81d5:0x87bfa17c4a55ca2f!8m2!3d-11.6968879!4d130.8778586!16zL20vMDVmcTFn?entry=ttu&g_ep=EgoyMDI1MDkxNy4wIKXMDSoASAFQAw%3D%3D","5","Northern Territory",,"false",,,"Tiwi Islands","4.2",,"https://www.google.com/maps/search/?api=1&query=Tiwi%20Islands&query_place_id=ChIJ1YGMrNoawiwRL8pVSnyhv4c",
"Tiwi Islands NT 0822, Australia","Island","Island","9781714470867159599","Tiwi Islands","AU","0x2cc21adaac8c81d5:0x87bfa17c4a55ca2f","https://lh3.googleusercontent.com/gps-cs-s/AC9h4nq9pbKt8aVTvGCe3h23Zo5WTo8sSeJmkHV9l_ADKEF-C1O0mim5xtoPTryp9uysv8JJIq9GjvolrighCKFgkHPsFHdNWdi5czpbgnKs6ehPY6CESU6smKzUALki4ikcmcxqQ866=w426-h240-k-no","false","false","en","0","-11.6968879","130.8778586","Achmad Rizony",,,"false","ChIJ1YGMrNoawiwRL8pVSnyhv4c",,,"5 years ago","2020-01-20T10:55:01.318Z",,,,"ChZDSUhNMG9nS0VJQ0FnSUNzcUlDMUh3EAE","https://lh3.googleusercontent.com/geougc-cs/AB3l90D1O39lB0WtwpbATzyhdVGuY4bx6t7wh5VTOFl0ce6yXMtRlyyiZLaJYvZplCJhhYZzCpH_Bm-9nWvxhiQ1CzSkUCnR4zSB60kqTxeVqs-t6NsCbbk6K5Dvh9qLRSW__PRWubx_rA","https://lh3.googleusercontent.com/geougc-cs/AB3l90AHSCrXIL1UBNX9McPMGAzO9LVaNDL_KGLp_8SAC4ZoGfpeIZU4o77rmP0QQalVDz4NMp5xBnDsE_WNInm0klFYTNBSvyG7e_OggBUBB0kr34hmyiqo2NfUYtWe9lzliQ25wsc","https://lh3.googleusercontent.com/geougc-cs/AB3l90Db2Bz1UgrAK_W2kCybFdek8u4_X9KUGdWDSl00ZdGUUVxttqeTl_pVVxvmqSzpbXApN-LGgDtiqRHPCMII-43QsfJPVLIlYYuETtPqtCk5lWb0d2oQtPkCV3maftEse1GaAIVb","https://lh3.googleusercontent.com/geougc-cs/AB3l90BjqgwDzvBPqX1SFybnQxPedjzID2hijCxeI_bFtjp-QEubE-AYZBIpI1R7mfw5qYnzjaSU8jZcs5pSB0rnuSeiBlTuvalPLHeftJFVvreShAqIO-yGHgsMyUvsKjJ3jzOmbunw","https://lh3.googleusercontent.com/geougc-cs/AB3l90BzGV6s_3ShYZC-BxYm78-YGzaZJPxqcJYsh980fqgWY2_1-AinODlxTEkjY9wG8nnhJEIKenQsVjZqcTK9DmD4QPmaqfSEsrzu3v_VPgFRogQjOs5LFtbQZHKuLLabGSvjyy-_",,,,,,,,,,,,,,,,,,,,,,,,,,,,,,,,"Google","https://www.google.com/maps/reviews/data=!4m8!14m7!1m6!2m5!1sChZDSUhNMG9nS0VJQ0FnSUNzcUlDMUh3EAE!2m1!1s0x0:0x87bfa17c4a55ca2f!3m1!1s2@1:CIHM0ogKEICAgICsqIC1Hw%7C%7C?hl=en","115515037654774335698","0","https://lh3.googleusercontent.com/a/ACg8ocKOW1AgOGzMA8MMhv6ug5XsuHuKUnEB_yjM_z3icZpAEq5ImA=s1920-c-rp-mo-br100","https://www.google.com/maps/contrib/115515037654774335698?hl=en","51","2025-09-22T03:34:22.153Z","Direct Detail URL: https://www.google.com/maps/place/Tiwi+Islands/@-11.5160547,129.4621993,8z/data=!3m1!4b1!4m6!3m5!1s0x2cc21adaac8c81d5:0x87bfa17c4a55ca2f!8m2!3d-11.6968879!4d130.8778586!16zL20vMDVmcTFn?entry=ttu&g_ep=EgoyMDI1MDkxNy4wIKXMDSoASAFQAw%3D%3D","5","Northern Territory",,"false",,,"Tiwi Islands","4.2",,"https://www.google.com/maps/search/?api=1&query=Tiwi%20Islands&query_place_id=ChIJ1YGMrNoawiwRL8pVSnyhv4c",
"Tiwi Islands NT 0822, Australia","Island","Island","9781714470867159599","Tiwi Islands","AU","0x2cc21adaac8c81d5:0x87bfa17c4a55ca2f","https://lh3.googleusercontent.com/gps-cs-s/AC9h4nq9pbKt8aVTvGCe3h23Zo5WTo8sSeJmkHV9l_ADKEF-C1O0mim5xtoPTryp9uysv8JJIq9GjvolrighCKFgkHPsFHdNWdi5czpbgnKs6ehPY6CESU6smKzUALki4ikcmcxqQ866=w426-h240-k-no","false","true","en","0","-11.6968879","130.8778586","Milica Stefanovic",,"en","false","ChIJ1YGMrNoawiwRL8pVSnyhv4c",,,"5 years ago","2020-01-10T12:35:43.477Z",,,,"ChZDSUhNMG9nS0VJQ0FnSURNbzlMTktREAE",,,,,,,,,,,,,,,,,,,,,,,,,,,,,,,,,,,,,"Google","https://www.google.com/maps/reviews/data=!4m8!14m7!1m6!2m5!1sChZDSUhNMG9nS0VJQ0FnSURNbzlMTktREAE!2m1!1s0x0:0x87bfa17c4a55ca2f!3m1!1s2@1:CIHM0ogKEICAgIDMo9LNKQ%7C%7C?hl=en","114161025862893537915","23","https://lh3.googleusercontent.com/a/ACg8ocK31xAjOMrTvnqFEDRVYZ4MJl7nY6_LdyjuRqMXPT8vmFfoaA=s1920-c-rp-mo-ba4-br100","https://www.google.com/maps/contrib/114161025862893537915?hl=en","51","2025-09-22T03:34:22.153Z","Direct Detail URL: https://www.google.com/maps/place/Tiwi+Islands/@-11.5160547,129.4621993,8z/data=!3m1!4b1!4m6!3m5!1s0x2cc21adaac8c81d5:0x87bfa17c4a55ca2f!8m2!3d-11.6968879!4d130.8778586!16zL20vMDVmcTFn?entry=ttu&g_ep=EgoyMDI1MDkxNy4wIKXMDSoASAFQAw%3D%3D","5","Northern Territory",,"false","unique part of Australia, the Tiwi Islands are an off-the-beaten-track destination for intrepid travellers. The two main islands are Bathurst and Melville, which sit alongside nine smaller, uninhabited islands. While there are minimal tourist facilities across the group, don't let this deter you from visiting; the islands are renowned for the excellent fishing opportunities and the locals are welcoming. Almost 90 per cent of residents are of Aboriginal descent and you can meet some of them on a range of cultural and wildlife tours.",,"Tiwi Islands","4.2",,"https://www.google.com/maps/search/?api=1&query=Tiwi%20Islands&query_place_id=ChIJ1YGMrNoawiwRL8pVSnyhv4c",
"Tiwi Islands NT 0822, Australia","Island","Island","9781714470867159599","Tiwi Islands","AU","0x2cc21adaac8c81d5:0x87bfa17c4a55ca2f","https://lh3.googleusercontent.com/gps-cs-s/AC9h4nq9pbKt8aVTvGCe3h23Zo5WTo8sSeJmkHV9l_ADKEF-C1O0mim5xtoPTryp9uysv8JJIq9GjvolrighCKFgkHPsFHdNWdi5czpbgnKs6ehPY6CESU6smKzUALki4ikcmcxqQ866=w426-h240-k-no","false","false","en","0","-11.6968879","130.8778586","Debra Fordham",,,"false","ChIJ1YGMrNoawiwRL8pVSnyhv4c",,,"5 years ago","2019-12-04T01:21:49.411Z",,,,"ChdDSUhNMG9nS0VJQ0FnSUNNazhxSm5RRRAB",,,,,,,,,,,,,,,,,,,,,,,,,,,,,,,,,,,,,"Google","https://www.google.com/maps/reviews/data=!4m8!14m7!1m6!2m5!1sChdDSUhNMG9nS0VJQ0FnSUNNazhxSm5RRRAB!2m1!1s0x0:0x87bfa17c4a55ca2f!3m1!1s2@1:CIHM0ogKEICAgICMk8qJnQE%7C%7C?hl=en","109188449813460680679","8","https://lh3.googleusercontent.com/a/ACg8ocLr9HaANi3Ftqtr9EbvCkNYjn3cbmEP8o3zfpBpIoefWDXSXg=s1920-c-rp-mo-br100","https://www.google.com/maps/contrib/109188449813460680679?hl=en","51","2025-09-22T03:34:22.153Z","Direct Detail URL: https://www.google.com/maps/place/Tiwi+Islands/@-11.5160547,129.4621993,8z/data=!3m1!4b1!4m6!3m5!1s0x2cc21adaac8c81d5:0x87bfa17c4a55ca2f!8m2!3d-11.6968879!4d130.8778586!16zL20vMDVmcTFn?entry=ttu&g_ep=EgoyMDI1MDkxNy4wIKXMDSoASAFQAw%3D%3D","5","Northern Territory",,"false",,,"Tiwi Islands","4.2",,"https://www.google.com/maps/search/?api=1&query=Tiwi%20Islands&query_place_id=ChIJ1YGMrNoawiwRL8pVSnyhv4c",
"Tiwi Islands NT 0822, Australia","Island","Island","9781714470867159599","Tiwi Islands","AU","0x2cc21adaac8c81d5:0x87bfa17c4a55ca2f","https://lh3.googleusercontent.com/gps-cs-s/AC9h4nq9pbKt8aVTvGCe3h23Zo5WTo8sSeJmkHV9l_ADKEF-C1O0mim5xtoPTryp9uysv8JJIq9GjvolrighCKFgkHPsFHdNWdi5czpbgnKs6ehPY6CESU6smKzUALki4ikcmcxqQ866=w426-h240-k-no","false","true","en","0","-11.6968879","130.8778586","brianw dannock",,,"false","ChIJ1YGMrNoawiwRL8pVSnyhv4c",,,"5 years ago","2019-11-07T07:52:21.804Z",,,,"ChZDSUhNMG9nS0VJQ0FnSUQwX3BLSUx3EAE",,,,,,,,,,,,,,,,,,,,,,,,,,,,,,,,,,,,,"Google","https://www.google.com/maps/reviews/data=!4m8!14m7!1m6!2m5!1sChZDSUhNMG9nS0VJQ0FnSUQwX3BLSUx3EAE!2m1!1s0x0:0x87bfa17c4a55ca2f!3m1!1s2@1:CIHM0ogKEICAgID0_pKILw%7C%7C?hl=en","104402497298050633997","15","https://lh3.googleusercontent.com/a/ACg8ocKg-cSM0lKlBL0SkWN5aIpTutPwAaP3Ns_5iMFWNoE3qXDWb_E=s1920-c-rp-mo-ba5-br100","https://www.google.com/maps/contrib/104402497298050633997?hl=en","51","2025-09-22T03:34:22.153Z","Direct Detail URL: https://www.google.com/maps/place/Tiwi+Islands/@-11.5160547,129.4621993,8z/data=!3m1!4b1!4m6!3m5!1s0x2cc21adaac8c81d5:0x87bfa17c4a55ca2f!8m2!3d-11.6968879!4d130.8778586!16zL20vMDVmcTFn?entry=ttu&g_ep=EgoyMDI1MDkxNy4wIKXMDSoASAFQAw%3D%3D","3","Northern Territory",,"false",,,"Tiwi Islands","4.2",,"https://www.google.com/maps/search/?api=1&query=Tiwi%20Islands&query_place_id=ChIJ1YGMrNoawiwRL8pVSnyhv4c",
"Tiwi Islands NT 0822, Australia","Island","Island","9781714470867159599","Tiwi Islands","AU","0x2cc21adaac8c81d5:0x87bfa17c4a55ca2f","https://lh3.googleusercontent.com/gps-cs-s/AC9h4nq9pbKt8aVTvGCe3h23Zo5WTo8sSeJmkHV9l_ADKEF-C1O0mim5xtoPTryp9uysv8JJIq9GjvolrighCKFgkHPsFHdNWdi5czpbgnKs6ehPY6CESU6smKzUALki4ikcmcxqQ866=w426-h240-k-no","false","true","en","0","-11.6968879","130.8778586","Mia Smith",,"en","false","ChIJ1YGMrNoawiwRL8pVSnyhv4c",,,"6 years ago","2019-09-17T04:57:23.476Z",,,,"ChdDSUhNMG9nS0VJQ0FnSUMwek95Wml3RRAB",,,,,,,,,,,,,,,,,,,,,,,,,,,,,,,,,,,,,"Google","https://www.google.com/maps/reviews/data=!4m8!14m7!1m6!2m5!1sChdDSUhNMG9nS0VJQ0FnSUMwek95Wml3RRAB!2m1!1s0x0:0x87bfa17c4a55ca2f!3m1!1s2@1:CIHM0ogKEICAgIC0zOyZiwE%7C%7C?hl=en","110426859713571231810","22","https://lh3.googleusercontent.com/a-/ALV-UjXjtrtR9H8i4X0pp6R53HjTR7KkLnZvpXSLZ7U87gBrDtRS9Rw=s1920-c-rp-mo-ba3-br100","https://www.google.com/maps/contrib/110426859713571231810?hl=en","51","2025-09-22T03:34:22.153Z","Direct Detail URL: https://www.google.com/maps/place/Tiwi+Islands/@-11.5160547,129.4621993,8z/data=!3m1!4b1!4m6!3m5!1s0x2cc21adaac8c81d5:0x87bfa17c4a55ca2f!8m2!3d-11.6968879!4d130.8778586!16zL20vMDVmcTFn?entry=ttu&g_ep=EgoyMDI1MDkxNy4wIKXMDSoASAFQAw%3D%3D","4","Northern Territory",,"false","I like it because I see the position of its population is very good close to the sea and the rest of its green plants. Very good.",,"Tiwi Islands","4.2",,"https://www.google.com/maps/search/?api=1&query=Tiwi%20Islands&query_place_id=ChIJ1YGMrNoawiwRL8pVSnyhv4c",
"Tiwi Islands NT 0822, Australia","Island","Island","9781714470867159599","Tiwi Islands","AU","0x2cc21adaac8c81d5:0x87bfa17c4a55ca2f","https://lh3.googleusercontent.com/gps-cs-s/AC9h4nq9pbKt8aVTvGCe3h23Zo5WTo8sSeJmkHV9l_ADKEF-C1O0mim5xtoPTryp9uysv8JJIq9GjvolrighCKFgkHPsFHdNWdi5czpbgnKs6ehPY6CESU6smKzUALki4ikcmcxqQ866=w426-h240-k-no","false","false","en","0","-11.6968879","130.8778586","Anna Maria R Adii",,,"false","ChIJ1YGMrNoawiwRL8pVSnyhv4c",,,"6 years ago","2019-08-20T03:35:56.737Z",,,,"ChdDSUhNMG9nS0VJQ0FnSURVcXRiQmxRRRAB",,,,,,,,,,,,,,,,,,,,,,,,,,,,,,,,,,,,,"Google","https://www.google.com/maps/reviews/data=!4m8!14m7!1m6!2m5!1sChdDSUhNMG9nS0VJQ0FnSURVcXRiQmxRRRAB!2m1!1s0x0:0x87bfa17c4a55ca2f!3m1!1s2@1:CIHM0ogKEICAgIDUqtbBlQE%7C%7C?hl=en","114906614019875830594","0","https://lh3.googleusercontent.com/a/ACg8ocJms2_Gmw0r4BgIKiSQ3wYvXnfVTZGCGj6yrvSTDHSDqD5z9CNF=s1920-c-rp-mo-br100","https://www.google.com/maps/contrib/114906614019875830594?hl=en","51","2025-09-22T03:34:22.153Z","Direct Detail URL: https://www.google.com/maps/place/Tiwi+Islands/@-11.5160547,129.4621993,8z/data=!3m1!4b1!4m6!3m5!1s0x2cc21adaac8c81d5:0x87bfa17c4a55ca2f!8m2!3d-11.6968879!4d130.8778586!16zL20vMDVmcTFn?entry=ttu&g_ep=EgoyMDI1MDkxNy4wIKXMDSoASAFQAw%3D%3D","5","Northern Territory",,"false",,,"Tiwi Islands","4.2",,"https://www.google.com/maps/search/?api=1&query=Tiwi%20Islands&query_place_id=ChIJ1YGMrNoawiwRL8pVSnyhv4c",
"Tiwi Islands NT 0822, Australia","Island","Island","9781714470867159599","Tiwi Islands","AU","0x2cc21adaac8c81d5:0x87bfa17c4a55ca2f","https://lh3.googleusercontent.com/gps-cs-s/AC9h4nq9pbKt8aVTvGCe3h23Zo5WTo8sSeJmkHV9l_ADKEF-C1O0mim5xtoPTryp9uysv8JJIq9GjvolrighCKFgkHPsFHdNWdi5czpbgnKs6ehPY6CESU6smKzUALki4ikcmcxqQ866=w426-h240-k-no","false","false","en","0","-11.6968879","130.8778586","Razvan Sofroni",,,"false","ChIJ1YGMrNoawiwRL8pVSnyhv4c",,,"6 years ago","2019-07-21T01:29:10.258Z",,,,"ChdDSUhNMG9nS0VJQ0FnSUNVdk5DejhRRRAB",,,,,,,,,,,,,,,,,,,,,,,,,,,,,,,,,,,,,"Google","https://www.google.com/maps/reviews/data=!4m8!14m7!1m6!2m5!1sChdDSUhNMG9nS0VJQ0FnSUNVdk5DejhRRRAB!2m1!1s0x0:0x87bfa17c4a55ca2f!3m1!1s2@1:CIHM0ogKEICAgICUvNCz8QE%7C%7C?hl=en","105034406722757733440","15","https://lh3.googleusercontent.com/a/ACg8ocJB_PkzzYDxtyRjvqYkhCwxkcWmJQIFVLNJmLd6CbZNaC1RpQ=s1920-c-rp-mo-br100","https://www.google.com/maps/contrib/105034406722757733440?hl=en","51","2025-09-22T03:34:22.153Z","Direct Detail URL: https://www.google.com/maps/place/Tiwi+Islands/@-11.5160547,129.4621993,8z/data=!3m1!4b1!4m6!3m5!1s0x2cc21adaac8c81d5:0x87bfa17c4a55ca2f!8m2!3d-11.6968879!4d130.8778586!16zL20vMDVmcTFn?entry=ttu&g_ep=EgoyMDI1MDkxNy4wIKXMDSoASAFQAw%3D%3D","5","Northern Territory",,"false",,,"Tiwi Islands","4.2",,"https://www.google.com/maps/search/?api=1&query=Tiwi%20Islands&query_place_id=ChIJ1YGMrNoawiwRL8pVSnyhv4c",
"Tiwi Islands NT 0822, Australia","Island","Island","9781714470867159599","Tiwi Islands","AU","0x2cc21adaac8c81d5:0x87bfa17c4a55ca2f","https://lh3.googleusercontent.com/gps-cs-s/AC9h4nq9pbKt8aVTvGCe3h23Zo5WTo8sSeJmkHV9l_ADKEF-C1O0mim5xtoPTryp9uysv8JJIq9GjvolrighCKFgkHPsFHdNWdi5czpbgnKs6ehPY6CESU6smKzUALki4ikcmcxqQ866=w426-h240-k-no","false","false","en","0","-11.6968879","130.8778586","Carolyn Richmond",,"en","false","ChIJ1YGMrNoawiwRL8pVSnyhv4c",,,"6 years ago","2019-05-17T03:53:39.953Z",,,,"ChZDSUhNMG9nS0VJQ0FnSURZMWV2QUZREAE",,,,,,,,,,,,,,,,,,,,,,,,,,,,,,,,,,,,,"Google","https://www.google.com/maps/reviews/data=!4m8!14m7!1m6!2m5!1sChZDSUhNMG9nS0VJQ0FnSURZMWV2QUZREAE!2m1!1s0x0:0x87bfa17c4a55ca2f!3m1!1s2@1:CIHM0ogKEICAgIDY1evAFQ%7C%7C?hl=en","115691385511002283251","31","https://lh3.googleusercontent.com/a/ACg8ocJ-urcSloPBINTJi4cB-tKfGXf8NkTsNInXZwcAjdtbzPQ2Mg=s1920-c-rp-mo-br100","https://www.google.com/maps/contrib/115691385511002283251?hl=en","51","2025-09-22T03:34:22.153Z","Direct Detail URL: https://www.google.com/maps/place/Tiwi+Islands/@-11.5160547,129.4621993,8z/data=!3m1!4b1!4m6!3m5!1s0x2cc21adaac8c81d5:0x87bfa17c4a55ca2f!8m2!3d-11.6968879!4d130.8778586!16zL20vMDVmcTFn?entry=ttu&g_ep=EgoyMDI1MDkxNy4wIKXMDSoASAFQAw%3D%3D","1","Northern Territory",,"false","Very disappointed .. Just a big marketing exercise by NT tourism.  Save your money.",,"Tiwi Islands","4.2",,"https://www.google.com/maps/search/?api=1&query=Tiwi%20Islands&query_place_id=ChIJ1YGMrNoawiwRL8pVSnyhv4c",
"Tiwi Islands NT 0822, Australia","Island","Island","9781714470867159599","Tiwi Islands","AU","0x2cc21adaac8c81d5:0x87bfa17c4a55ca2f","https://lh3.googleusercontent.com/gps-cs-s/AC9h4nq9pbKt8aVTvGCe3h23Zo5WTo8sSeJmkHV9l_ADKEF-C1O0mim5xtoPTryp9uysv8JJIq9GjvolrighCKFgkHPsFHdNWdi5czpbgnKs6ehPY6CESU6smKzUALki4ikcmcxqQ866=w426-h240-k-no","false","false","en","0","-11.6968879","130.8778586","Dunstan Maetoloa",,"en","false","ChIJ1YGMrNoawiwRL8pVSnyhv4c",,,"Edited 6 years ago","2019-03-25T11:19:54.996Z",,,,"ChZDSUhNMG9nS0VJQ0FnSURRby1mclpnEAE",,,,,,,,,,,,,,,,,,,,,,,,,,,,,,,,,,,,,"Google","https://www.google.com/maps/reviews/data=!4m8!14m7!1m6!2m5!1sChZDSUhNMG9nS0VJQ0FnSURRby1mclpnEAE!2m1!1s0x0:0x87bfa17c4a55ca2f!3m1!1s2@1:CIHM0ogKEICAgIDQo-frZg%7C%7C?hl=en","109737977890955243180","3","https://lh3.googleusercontent.com/a/ACg8ocKUxCPG9xuDTAo4jhzn6VEGOcMfwWAVi7BIVUjvpqAcsVXgaw=s1920-c-rp-mo-br100","https://www.google.com/maps/contrib/109737977890955243180?hl=en","51","2025-09-22T03:34:22.153Z","Direct Detail URL: https://www.google.com/maps/place/Tiwi+Islands/@-11.5160547,129.4621993,8z/data=!3m1!4b1!4m6!3m5!1s0x2cc21adaac8c81d5:0x87bfa17c4a55ca2f!8m2!3d-11.6968879!4d130.8778586!16zL20vMDVmcTFn?entry=ttu&g_ep=EgoyMDI1MDkxNy4wIKXMDSoASAFQAw%3D%3D","2","Northern Territory",,"false","this map is quite old... there's a mine camp at jessie river which has been removed over 3 yrs ago and this map was from even before it was set up (2006) Bing map is more later cos it has the mine in there.",,"Tiwi Islands","4.2",,"https://www.google.com/maps/search/?api=1&query=Tiwi%20Islands&query_place_id=ChIJ1YGMrNoawiwRL8pVSnyhv4c",
"Tiwi Islands NT 0822, Australia","Island","Island","9781714470867159599","Tiwi Islands","AU","0x2cc21adaac8c81d5:0x87bfa17c4a55ca2f","https://lh3.googleusercontent.com/gps-cs-s/AC9h4nq9pbKt8aVTvGCe3h23Zo5WTo8sSeJmkHV9l_ADKEF-C1O0mim5xtoPTryp9uysv8JJIq9GjvolrighCKFgkHPsFHdNWdi5czpbgnKs6ehPY6CESU6smKzUALki4ikcmcxqQ866=w426-h240-k-no","false","false","en","0","-11.6968879","130.8778586","Tanya M",,"en","false","ChIJ1YGMrNoawiwRL8pVSnyhv4c",,,"6 years ago","2019-03-18T12:14:31.999Z",,,,"ChdDSUhNMG9nS0VJQ0FnSURvZ2ViRTJ3RRAB","https://lh3.googleusercontent.com/geougc-cs/AB3l90AbupDhZbiWNj2L7ndRa93MePaL3llP0xWxMjkzCqalTQkqfB3jfKu5sBXf5ZaIqr_EbpUXbzE_E1-X1sLZ63JrTsip-eWCA0oSxBFPPiRIOSJaN6-dWTbjQqmPzrYPgI4GSgsU_Q",,,,,,,,,,,,,,,,,,,,,,,,,,,,,,,,,,,,"Google","https://www.google.com/maps/reviews/data=!4m8!14m7!1m6!2m5!1sChdDSUhNMG9nS0VJQ0FnSURvZ2ViRTJ3RRAB!2m1!1s0x0:0x87bfa17c4a55ca2f!3m1!1s2@1:CIHM0ogKEICAgIDogebE2wE%7C%7C?hl=en","107697863792063951297","12","https://lh3.googleusercontent.com/a/ACg8ocKcE6j1ld-9iQsT3J1A3ujIDbYxTECjgxJv_ATku9dhMGVZqg=s1920-c-rp-mo-br100","https://www.google.com/maps/contrib/107697863792063951297?hl=en","51","2025-09-22T03:34:22.153Z","Direct Detail URL: https://www.google.com/maps/place/Tiwi+Islands/@-11.5160547,129.4621993,8z/data=!3m1!4b1!4m6!3m5!1s0x2cc21adaac8c81d5:0x87bfa17c4a55ca2f!8m2!3d-11.6968879!4d130.8778586!16zL20vMDVmcTFn?entry=ttu&g_ep=EgoyMDI1MDkxNy4wIKXMDSoASAFQAw%3D%3D","5","Northern Territory",,"false","We had a great day at the Tiwi Islands footy grand final and art show yesterday. People are welcoming and it was so easy to move around safely. We were lucky to get a ride over in a small plane, less than half hour from Darwin. You can also get a ferry that I think takes about two and a half hours. Tiwi arts are very special, including the textile screen prints with decades of history in their designs. Well worth going there.",,"Tiwi Islands","4.2",,"https://www.google.com/maps/search/?api=1&query=Tiwi%20Islands&query_place_id=ChIJ1YGMrNoawiwRL8pVSnyhv4c",
"Tiwi Islands NT 0822, Australia","Island","Island","9781714470867159599","Tiwi Islands","AU","0x2cc21adaac8c81d5:0x87bfa17c4a55ca2f","https://lh3.googleusercontent.com/gps-cs-s/AC9h4nq9pbKt8aVTvGCe3h23Zo5WTo8sSeJmkHV9l_ADKEF-C1O0mim5xtoPTryp9uysv8JJIq9GjvolrighCKFgkHPsFHdNWdi5czpbgnKs6ehPY6CESU6smKzUALki4ikcmcxqQ866=w426-h240-k-no","false","true","en","0","-11.6968879","130.8778586","wesley gottliebsen",,"en","false","ChIJ1YGMrNoawiwRL8pVSnyhv4c",,,"6 years ago","2019-03-18T02:09:57.014Z",,,,"ChdDSUhNMG9nS0VJQ0FnSURvX29ycm1BRRAB","https://lh3.googleusercontent.com/geougc-cs/AB3l90B7M71mZCzlGW95HPcvLLMhtFYZgb1tHW2DBsUk-nqoiXkfk91qglAy01mVsKAlCqfFbUt2TAdv6jj1Bylh_Z9zT-91xh8XqB5uL0wHDyKIOF2iEuJ3whl75ZIQuPVqSvAC6lTg","https://lh3.googleusercontent.com/geougc-cs/AB3l90AUHfQgnO2jwBJrv4_cnK6780TqFGgmBqssDKnLjCSga7REx2rlpErYsZpCmlGth-ZUqaATb3f8XAENFfMjHNGXkib5r0Q5sPEd5tGrUnIwpUAghZvXcVFXcMIsfR84tstfnAM93g","https://lh3.googleusercontent.com/geougc-cs/AB3l90C29b98ir3gWOdX1FO8j00_aXACwqusi4zX_QF8xvYygELJ7gsL1F7XhmfXlqlrSP1IN1ab4nmjQa7tMgitnevXTl0QqwMCbuYAYa-eCuXkD-chsHRDixg6b0oRQ1j7rL4bfDqI","https://lh3.googleusercontent.com/geougc-cs/AB3l90CMQU6ctkcKWZCTKWhJowvOlqKZJ61UmyJIp4djrvJ12OzJoqhvjj8f18uGuHoPDUwmJ6mBugIQTOVWnCtt0CP0_vaO8iJX5rKiAxA_gfHWgJIQuuTZg3Br2HaDA5Gkr72igZL1","https://lh3.googleusercontent.com/geougc-cs/AB3l90CMSjIaAGkouZFH6T2SCnEcnxOnxm_ygASXOW3D06jdWLcLDS6C8pUPf_btJKGnW-6rXnifTXn-t7WFEKBWtEAMIIvoXY7MAfeeLguBuNSYiF6iu1C-Pakj5EoZpber7PZtjyKcPQ","https://lh3.googleusercontent.com/geougc-cs/AB3l90De5UOrS_HKKGJJ3QXyTgF1Sprv4YvW558kPibdasJbNCctpZy7UkhxQeAcc5-2xbOBHffw9oujh1s3EfUQvVEque8mK0L5Ofj2Ye2RjW6bj8xyX0uQ2U3YIFf60R0OXjYbciRu","https://lh3.googleusercontent.com/geougc-cs/AB3l90BpMXNdn1YjZlWCA-asqxxWLfmQJYki_eRYKfc7A0_WwNv6kPmfd5kdWf1WU7Zj-kEYrL8WrgSVQVRacHpGGaQ133g0ymgDK5Ki-NqDMp1kplXoEZiONdP2TeQ2mD_rRjpW9N0","https://lh3.googleusercontent.com/geougc-cs/AB3l90CH0gIuayM06RKpRgxtNHaKFGO-nx4Pn3fW34B_VW6yw582SEmodaCSdX4RHoPCRzso569QSMhiOQ7epHSBn7zbaReP6tkA1WoQpAHRqW964Snkc_iGKK8wS9VFC40A3dfYqcRl","https://lh3.googleusercontent.com/geougc-cs/AB3l90DbYa9z9WKjyJ5KODyQvYgG1GuXYFLGq5fGdZPhGPtVhjQNpxyqYvRIE0rNxLUVpF1JdDLEUMnSSujIGBZb4yD3nieqoTpNPU38ylvU-iif4HGe7gPwRAOkpYz7_o0YvCQyihVY","https://lh3.googleusercontent.com/geougc-cs/AB3l90CQ1V5q5Tp9ZIwpTzfl-Wc8igPPdKzxa_XHgcrbkQZ0QXHseq_gvxhDBCKKkS1PqU-J5d1c9gYdO0qROYhlVQxi5IEwqlZl3wg4fKth1mXAhnHSOjiffdwReQqM5sO8r0OOJv4Lqg","https://lh3.googleusercontent.com/geougc-cs/AB3l90CR0ZXFOn5bcT1pci4stmy1Na9ukshxp_ujNNeggnMCSF2hh1dhl30fiduX4NSWCm0YZEs3Ltu0go_5gfRrpqZsnljBr7CA34856OO3agvQkLESXdmEBASRyjN92boPfLh9dULf0Q","https://lh3.googleusercontent.com/geougc-cs/AB3l90CSQHDZAEsVnp9T6w0xyIM8OVOVVpAgMuGEVJUvR54bFKjTZvowLNVdp2K05GVvl3wKVKq3bBPXUAP5M_r4ewqAWv0hBcxmEjJ-pM1uJaJ-TJm4aV1MOXwt9c9X-H2HumHRcSAP","https://lh3.googleusercontent.com/geougc-cs/AB3l90DfoEUr58uYj9GA7rHLHZ-hGSkiN-MyLRUQjn4uXxivCkOrEAfWKWRGP-BIieLZFgU_GS80mGaA2BbrJCublcsI5va1QZx-sS0sLD8w1OtnuzARiEOpaBgfLNGCjTjgFxjSpJxb","https://lh3.googleusercontent.com/geougc-cs/AB3l90AHsdjRdj6BgcezOJCdYHY440pDluGyXb-V-7B089IiMZsLCzL-hDxh2AwC9xWUgk7-GJALWlnLgBZAbeSesyqvaIvRSfzr7tPuRMMheI9B2nH6CE5l69poVfH95Ud3HWw7TMBgjQ","https://lh3.googleusercontent.com/geougc-cs/AB3l90DV3EVwGTUTl-yI2t3ct3YTh8UpQQW79FEwttcnA96o0OC4xnAPYaxJERYLvyRrjDZrl_6jWp1IX0GvFrAvOVSrX-YRA69vHlMXgdAq5vqKuVEaFsGN7yHXZdXhCGLzH29-Re3z","https://lh3.googleusercontent.com/geougc-cs/AB3l90DeRlfV6ckp73LqhqkO6rn-P7jbqY1dKXyap-81nQXUHCCkcwU29PxHbwehRLVIlC2l2PHGUR79Mli8pM06tRCZnbAL0jdp-Hk92vabLcyC2kdX2vbsCqxiI4SoFCY6Sjrgu9RK","https://lh3.googleusercontent.com/geougc-cs/AB3l90DaevKI0vGg7AJQuizGzyoikLrlLTWCYPzGI58wL7gvcT2jSq4ce6Xrvt4LDtJ9iWbS0UiEUt7PAMypfql1gNzr9WrzvFWkW0TNsN0A45imCSP7ZvdYcTWB1qiKiXF877u1r3Bq","https://lh3.googleusercontent.com/geougc-cs/AB3l90AhT53iSnjdCMsxIHtR4dz-kL1wL6iXj98JwEtVjN8Ti3ahYz6T8JJ7RMw_fbM04DOmMIrML_DaUM62rC3fQClRWrbtdaNNN_Kz-II90G-Th9fCn9TN20xMbImzLYPHn2VztYM","https://lh3.googleusercontent.com/geougc-cs/AB3l90CFcbX09hMehtOsf-eyuZtEkWxRpqtzb_9x0138Zcx-bZnsskWq83QBP9cFlzJH03z4jUB1JoaW8NbKrraOkcQqaoP94NBQlcnv314ShC2Byre_2SIePBubHe4sKSIE-1bZ9T_u","https://lh3.googleusercontent.com/geougc-cs/AB3l90DaCtfSoIXGt4iR73Us2Z9vPFE0f9sCJJegPoOxtjQvWIVsvI66dY9a6AEv-mL7WibnMBpN5Pe5ywzrI_gRdfjEt8pytEEYdUUm-SnU7b6ei-JRHjdDY9ax098mWiUf84fcHJWc","https://lh3.googleusercontent.com/geougc-cs/AB3l90Ap9xMXE6OuoZ1EAtQuPrkR3CkwhTszdc3QBuqAqNb5YbdBnsFDiTfpayuuDiramG6Zlbbe_N6dU9kuURmMfInAuoTt5oDgmIgQGeqXdWu3cONDjNgEtBbC5K8r4L8lQ0Vpnjlh","https://lh3.googleusercontent.com/geougc-cs/AB3l90BsUWHubFvowsScqGqGB3RLP4uQWODX3og0UxKu1bpd2cKsjI38KR2iJ7aXiE8akynTHwKNeEa94LnGCL2ICYjn9yGodYMfB8OBS0pRYRhzoFOL_0sVY-Qe8rAGIyH009_YDl4","https://lh3.googleusercontent.com/geougc-cs/AB3l90D8L0wfG5igS8p-8QRT-BJDyS2m0J1Pkat0Q8_GlykbKwriuBPKem1mZCKkwKeKHFBPHL7CIDpI9rVAmwpQWIzSmeJNDv4Z6dT422QvF9dEbxUpabZNk7W4iJtZ4124OOs4BGm4","https://lh3.googleusercontent.com/geougc-cs/AB3l90BsXaB-tIb1IJp_iLhb0Dfa3HKhMhg5mgP5APb9fDW9I95-gEQz46l6HmiLNPHVpbPKITMTBWz3atpRHSe_2xGXM8Q_wzAa9E-enfmlDmr4OLANOZ2RyofhwN9VjPUCxc0A2IM","https://lh3.googleusercontent.com/geougc-cs/AB3l90ByD0BysqztoeZ_a-PmQKdtVroyuOn6KieFMlO26bw348g-D6SqdoCG-12f-GmJ_FbInf3GSWYuRRD_UToCS2MB5ABqZCdH8Jm7BdQMBuVx28Wt5YYZ1mzNn1JqGIFRR-04tE2z","https://lh3.googleusercontent.com/geougc-cs/AB3l90CWwcbkDdHuEUXMEoJH9GgiYXxNyi6gSgRg6OnnFCxL-28FUrOEaGMDOBeG91Z0YlIydEyAxFl69SG9ua89J1ZJvm4plBwItPPulXpxAYpf3eN2WNxZSbbbxyis13tCaYe1Oh3U","https://lh3.googleusercontent.com/geougc-cs/AB3l90ARfNt42c-dNfnNg9S94yM1j4bF_XH2szhN5wiSCGCo5I4vMnw2HlPrGCfmjiXTXj_SC5KJebOT_PeqW-Q8l-YFY7AwVCRAtymtXrYcJ7JHMqCuKE19pre0rytWY5Hqbe8WjhGQ","https://lh3.googleusercontent.com/geougc-cs/AB3l90Dtvhn9IROeIT9qMhm5yDBU1Ip2qZ5i3MaZhrmoZgrKOHSv7yG6rxvkKKy4QLHoSqTnSfuLNvfzkerClvYTD_0vHDAByXe0TT7icvDlY56iCMjmnBoVBb66syxarrr3xzMMk3Y_","https://lh3.googleusercontent.com/geougc-cs/AB3l90CAfMCeWo9bWQ701IMy8X-zYw40k2SaQkYuQlLY_DFSeQhvyyVNLDExYmWJQtnLT8CksrZPx99_K6AOYcOtmboE4tsk_aVOBJvhXEY80sRoUazZ-5D-8EUgqmqxTlmxLGTqMyQJ6g","https://lh3.googleusercontent.com/geougc-cs/AB3l90CkpdbUXxNp2b0EUSycVT2-56vETG-LOumk7i3uS2DqgDCjvYb_6vJLOxlOJRceTOk8byuVdrqsSZt1iHqu9pGUp5mKk64zdcGWKzdjQFLhsNzfFoSrHSOd-IRmx6hYtBx49qRU","https://lh3.googleusercontent.com/geougc-cs/AB3l90AXH9tD4Y4ZRfQdQzxNm607tlS7gZe7LkzMLnvXmzkdoP9bMnEvQrybUR012SD8oFPP3mTgKjvYneikBzZhNVCVrCm-gpDJc7mqrBxsM1MZW0qFSGu8MzG32hSxAraLvxSXTXiK","https://lh3.googleusercontent.com/geougc-cs/AB3l90Afy_eqek1SKaycCSyP9hVP9h2xTAg_VgVj4cBCbiTUjIuOJAAWNdN_nLToZGjKumrOd8Z2foN72dTsK6tMU_VgBIoRs_-9I-M-IM5KCFaVfvn_qhPrQwTCHGiBt-bZ-9rSQGYR","https://lh3.googleusercontent.com/geougc-cs/AB3l90Dtxp5PNb9q2yZEj1PBUChjxxC_pyRKGIFbBaPR-3wb6LDG4BAWvKBU44iw4HvJ9qb_0VUvlMByxI_kaay5C5buzYPuJMIKD0-SDAFzAydrPv8ZfjzQApwgTU1zFmemVqlLZI7k","https://lh3.googleusercontent.com/geougc-cs/AB3l90CexK_oQ84rVzEvhPRd4xMwnBtxW34P51a84whBHZdngYGt-zwA2y7ySHDPEiuhFriFispfMRC9hkvq74JC1vVDnn24mtkd3Y4VmZbxF2GW8ajl36KCawcMvfVgi4gu1ODpusGAQA","https://lh3.googleusercontent.com/geougc-cs/AB3l90A3vz9gokrUZKZmdxAp2vSKvqtxxdAetie0-IU5m9JLtcIHtvgRTf51L2H17k3z0fQn5KrAnFchOUdT1vGiFN3_XAc6bo5NC0REoNtYONHZuZrswBlxVQGP5MoYqWfW54QkgpI","https://lh3.googleusercontent.com/geougc-cs/AB3l90Cm0qYIqEW0QRhAueB_E4c4Q2NBgzFpDvEtQ6fdMG8suYaUn5zLyVfeo03IJuQ2pj_uj18WGZQpSiu9Au5upYliN0gByfFwtKywTBhHBwGnb82-V3ig9Nl3VZhF5yMvHIZA0ttR8w","Google","https://www.google.com/maps/reviews/data=!4m8!14m7!1m6!2m5!1sChdDSUhNMG9nS0VJQ0FnSURvX29ycm1BRRAB!2m1!1s0x0:0x87bfa17c4a55ca2f!3m1!1s2@1:CIHM0ogKEICAgIDo_orrmAE%7C%7C?hl=en","109125657153393664822","58","https://lh3.googleusercontent.com/a/ACg8ocL6XEI5K3JsW2euSLeiugnX4ZGi1eUCGqcy1WVVwCTF6WAPvA=s1920-c-rp-mo-ba3-br100","https://www.google.com/maps/contrib/109125657153393664822?hl=en","51","2025-09-22T03:34:22.153Z","Direct Detail URL: https://www.google.com/maps/place/Tiwi+Islands/@-11.5160547,129.4621993,8z/data=!3m1!4b1!4m6!3m5!1s0x2cc21adaac8c81d5:0x87bfa17c4a55ca2f!8m2!3d-11.6968879!4d130.8778586!16zL20vMDVmcTFn?entry=ttu&g_ep=EgoyMDI1MDkxNy4wIKXMDSoASAFQAw%3D%3D","5","Northern Territory",,"false","Amazing place",,"Tiwi Islands","4.2",,"https://www.google.com/maps/search/?api=1&query=Tiwi%20Islands&query_place_id=ChIJ1YGMrNoawiwRL8pVSnyhv4c",
"Tiwi Islands NT 0822, Australia","Island","Island","9781714470867159599","Tiwi Islands","AU","0x2cc21adaac8c81d5:0x87bfa17c4a55ca2f","https://lh3.googleusercontent.com/gps-cs-s/AC9h4nq9pbKt8aVTvGCe3h23Zo5WTo8sSeJmkHV9l_ADKEF-C1O0mim5xtoPTryp9uysv8JJIq9GjvolrighCKFgkHPsFHdNWdi5czpbgnKs6ehPY6CESU6smKzUALki4ikcmcxqQ866=w426-h240-k-no","false","false","en","0","-11.6968879","130.8778586","Baden Bungsu",,,"false","ChIJ1YGMrNoawiwRL8pVSnyhv4c",,,"6 years ago","2019-01-26T15:04:32.946Z",,,,"ChdDSUhNMG9nS0VJQ0FnSURJdDgzVHFRRRAB",,,,,,,,,,,,,,,,,,,,,,,,,,,,,,,,,,,,,"Google","https://www.google.com/maps/reviews/data=!4m8!14m7!1m6!2m5!1sChdDSUhNMG9nS0VJQ0FnSURJdDgzVHFRRRAB!2m1!1s0x0:0x87bfa17c4a55ca2f!3m1!1s2@1:CIHM0ogKEICAgIDIt83TqQE%7C%7C?hl=en","111008280915280803812","0","https://lh3.googleusercontent.com/a-/ALV-UjVp9Qbd5xomkRm-XYeqBrICsXyCQc72XqFsC9qwg3j9W12CXos=s1920-c-rp-mo-br100","https://www.google.com/maps/contrib/111008280915280803812?hl=en","51","2025-09-22T03:34:22.153Z","Direct Detail URL: https://www.google.com/maps/place/Tiwi+Islands/@-11.5160547,129.4621993,8z/data=!3m1!4b1!4m6!3m5!1s0x2cc21adaac8c81d5:0x87bfa17c4a55ca2f!8m2!3d-11.6968879!4d130.8778586!16zL20vMDVmcTFn?entry=ttu&g_ep=EgoyMDI1MDkxNy4wIKXMDSoASAFQAw%3D%3D","1","Northern Territory",,"false",,,"Tiwi Islands","4.2",,"https://www.google.com/maps/search/?api=1&query=Tiwi%20Islands&query_place_id=ChIJ1YGMrNoawiwRL8pVSnyhv4c",
"Tiwi Islands NT 0822, Australia","Island","Island","9781714470867159599","Tiwi Islands","AU","0x2cc21adaac8c81d5:0x87bfa17c4a55ca2f","https://lh3.googleusercontent.com/gps-cs-s/AC9h4nq9pbKt8aVTvGCe3h23Zo5WTo8sSeJmkHV9l_ADKEF-C1O0mim5xtoPTryp9uysv8JJIq9GjvolrighCKFgkHPsFHdNWdi5czpbgnKs6ehPY6CESU6smKzUALki4ikcmcxqQ866=w426-h240-k-no","false","false","en","0","-11.6968879","130.8778586","Patrick Cotter",,,"false","ChIJ1YGMrNoawiwRL8pVSnyhv4c",,,"6 years ago","2019-01-18T08:01:13.797Z",,,,"ChdDSUhNMG9nS0VJQ0FnSURJX2ZYRnFBRRAB",,,,,,,,,,,,,,,,,,,,,,,,,,,,,,,,,,,,,"Google","https://www.google.com/maps/reviews/data=!4m8!14m7!1m6!2m5!1sChdDSUhNMG9nS0VJQ0FnSURJX2ZYRnFBRRAB!2m1!1s0x0:0x87bfa17c4a55ca2f!3m1!1s2@1:CIHM0ogKEICAgIDI_fXFqAE%7C%7C?hl=en","113983022726436272537","0","https://lh3.googleusercontent.com/a/ACg8ocKtN8OoXiwDWQwI1kts-xaHgaolzvKu6X-fzQGGO0FF3KlJ4w=s1920-c-rp-mo-br100","https://www.google.com/maps/contrib/113983022726436272537?hl=en","51","2025-09-22T03:34:22.153Z","Direct Detail URL: https://www.google.com/maps/place/Tiwi+Islands/@-11.5160547,129.4621993,8z/data=!3m1!4b1!4m6!3m5!1s0x2cc21adaac8c81d5:0x87bfa17c4a55ca2f!8m2!3d-11.6968879!4d130.8778586!16zL20vMDVmcTFn?entry=ttu&g_ep=EgoyMDI1MDkxNy4wIKXMDSoASAFQAw%3D%3D","5","Northern Territory",,"false",,,"Tiwi Islands","4.2",,"https://www.google.com/maps/search/?api=1&query=Tiwi%20Islands&query_place_id=ChIJ1YGMrNoawiwRL8pVSnyhv4c",
"Tiwi Islands NT 0822, Australia","Island","Island","9781714470867159599","Tiwi Islands","AU","0x2cc21adaac8c81d5:0x87bfa17c4a55ca2f","https://lh3.googleusercontent.com/gps-cs-s/AC9h4nq9pbKt8aVTvGCe3h23Zo5WTo8sSeJmkHV9l_ADKEF-C1O0mim5xtoPTryp9uysv8JJIq9GjvolrighCKFgkHPsFHdNWdi5czpbgnKs6ehPY6CESU6smKzUALki4ikcmcxqQ866=w426-h240-k-no","false","false","en","0","-11.6968879","130.8778586","مصطفى محمد عبدالله",,,"false","ChIJ1YGMrNoawiwRL8pVSnyhv4c",,,"6 years ago","2018-12-22T09:48:25.712Z",,,,"ChdDSUhNMG9nS0VJQ0FnSURJcEoyWHN3RRAB",,,,,,,,,,,,,,,,,,,,,,,,,,,,,,,,,,,,,"Google","https://www.google.com/maps/reviews/data=!4m8!14m7!1m6!2m5!1sChdDSUhNMG9nS0VJQ0FnSURJcEoyWHN3RRAB!2m1!1s0x0:0x87bfa17c4a55ca2f!3m1!1s2@1:CIHM0ogKEICAgIDIpJ2XswE%7C%7C?hl=en","103467508169499208650","0","https://lh3.googleusercontent.com/a/ACg8ocIXiH8h0Wkcd9uQhcsIGjdtIAmGoOqEPif6WKjpDMzfpunDdw=s1920-c-rp-mo-br100","https://www.google.com/maps/contrib/103467508169499208650?hl=en","51","2025-09-22T03:34:22.153Z","Direct Detail URL: https://www.google.com/maps/place/Tiwi+Islands/@-11.5160547,129.4621993,8z/data=!3m1!4b1!4m6!3m5!1s0x2cc21adaac8c81d5:0x87bfa17c4a55ca2f!8m2!3d-11.6968879!4d130.8778586!16zL20vMDVmcTFn?entry=ttu&g_ep=EgoyMDI1MDkxNy4wIKXMDSoASAFQAw%3D%3D","1","Northern Territory",,"false",,,"Tiwi Islands","4.2",,"https://www.google.com/maps/search/?api=1&query=Tiwi%20Islands&query_place_id=ChIJ1YGMrNoawiwRL8pVSnyhv4c",
"Tiwi Islands NT 0822, Australia","Island","Island","9781714470867159599","Tiwi Islands","AU","0x2cc21adaac8c81d5:0x87bfa17c4a55ca2f","https://lh3.googleusercontent.com/gps-cs-s/AC9h4nq9pbKt8aVTvGCe3h23Zo5WTo8sSeJmkHV9l_ADKEF-C1O0mim5xtoPTryp9uysv8JJIq9GjvolrighCKFgkHPsFHdNWdi5czpbgnKs6ehPY6CESU6smKzUALki4ikcmcxqQ866=w426-h240-k-no","false","false","en","0","-11.6968879","130.8778586","Parsa Ghanbarzadeh",,,"false","ChIJ1YGMrNoawiwRL8pVSnyhv4c",,,"6 years ago","2018-11-29T07:49:38.255Z",,,,"ChZDSUhNMG9nS0VJQ0FnSUNJMVl2bkpBEAE",,,,,,,,,,,,,,,,,,,,,,,,,,,,,,,,,,,,,"Google","https://www.google.com/maps/reviews/data=!4m8!14m7!1m6!2m5!1sChZDSUhNMG9nS0VJQ0FnSUNJMVl2bkpBEAE!2m1!1s0x0:0x87bfa17c4a55ca2f!3m1!1s2@1:CIHM0ogKEICAgICI1YvnJA%7C%7C?hl=en","102995662928843815840","3","https://lh3.googleusercontent.com/a/ACg8ocItr6UaoadL_ZdaJxrPToLGwW0fozA9hpCTSB5tIZwc5aqHwmk=s1920-c-rp-mo-br100","https://www.google.com/maps/contrib/102995662928843815840?hl=en","51","2025-09-22T03:34:22.153Z","Direct Detail URL: https://www.google.com/maps/place/Tiwi+Islands/@-11.5160547,129.4621993,8z/data=!3m1!4b1!4m6!3m5!1s0x2cc21adaac8c81d5:0x87bfa17c4a55ca2f!8m2!3d-11.6968879!4d130.8778586!16zL20vMDVmcTFn?entry=ttu&g_ep=EgoyMDI1MDkxNy4wIKXMDSoASAFQAw%3D%3D","1","Northern Territory",,"false",,,"Tiwi Islands","4.2",,"https://www.google.com/maps/search/?api=1&query=Tiwi%20Islands&query_place_id=ChIJ1YGMrNoawiwRL8pVSnyhv4c",
"Tiwi Islands NT 0822, Australia","Island","Island","9781714470867159599","Tiwi Islands","AU","0x2cc21adaac8c81d5:0x87bfa17c4a55ca2f","https://lh3.googleusercontent.com/gps-cs-s/AC9h4nq9pbKt8aVTvGCe3h23Zo5WTo8sSeJmkHV9l_ADKEF-C1O0mim5xtoPTryp9uysv8JJIq9GjvolrighCKFgkHPsFHdNWdi5czpbgnKs6ehPY6CESU6smKzUALki4ikcmcxqQ866=w426-h240-k-no","false","false","en","0","-11.6968879","130.8778586","Daniel Money",,"en","false","ChIJ1YGMrNoawiwRL8pVSnyhv4c",,,"6 years ago","2018-11-02T03:13:57.081Z",,,,"ChdDSUhNMG9nS0VJQ0FnSUNJdkx2cjZnRRAB",,,,,,,,,,,,,,,,,,,,,,,,,,,,,,,,,,,,,"Google","https://www.google.com/maps/reviews/data=!4m8!14m7!1m6!2m5!1sChdDSUhNMG9nS0VJQ0FnSUNJdkx2cjZnRRAB!2m1!1s0x0:0x87bfa17c4a55ca2f!3m1!1s2@1:CIHM0ogKEICAgICIvLvr6gE%7C%7C?hl=en","106424364047574246142","13","https://lh3.googleusercontent.com/a-/ALV-UjWZoUZ_D2GA3udGHMKS8JuSD5oCgCqjjkrIRd3wvlqY49dkYE6W=s1920-c-rp-mo-br100","https://www.google.com/maps/contrib/106424364047574246142?hl=en","51","2025-09-22T03:34:22.153Z","Direct Detail URL: https://www.google.com/maps/place/Tiwi+Islands/@-11.5160547,129.4621993,8z/data=!3m1!4b1!4m6!3m5!1s0x2cc21adaac8c81d5:0x87bfa17c4a55ca2f!8m2!3d-11.6968879!4d130.8778586!16zL20vMDVmcTFn?entry=ttu&g_ep=EgoyMDI1MDkxNy4wIKXMDSoASAFQAw%3D%3D","4","Northern Territory",,"false","the people are very friendly but it is really hot and humid",,"Tiwi Islands","4.2",,"https://www.google.com/maps/search/?api=1&query=Tiwi%20Islands&query_place_id=ChIJ1YGMrNoawiwRL8pVSnyhv4c",
"Tiwi Islands NT 0822, Australia","Island","Island","9781714470867159599","Tiwi Islands","AU","0x2cc21adaac8c81d5:0x87bfa17c4a55ca2f","https://lh3.googleusercontent.com/gps-cs-s/AC9h4nq9pbKt8aVTvGCe3h23Zo5WTo8sSeJmkHV9l_ADKEF-C1O0mim5xtoPTryp9uysv8JJIq9GjvolrighCKFgkHPsFHdNWdi5czpbgnKs6ehPY6CESU6smKzUALki4ikcmcxqQ866=w426-h240-k-no","false","false","en","0","-11.6968879","130.8778586","Ghost Funny",,,"false","ChIJ1YGMrNoawiwRL8pVSnyhv4c",,,"6 years ago","2018-11-01T14:50:32.292Z",,,,"ChZDSUhNMG9nS0VJQ0FnSUNJM0plYVdREAE",,,,,,,,,,,,,,,,,,,,,,,,,,,,,,,,,,,,,"Google","https://www.google.com/maps/reviews/data=!4m8!14m7!1m6!2m5!1sChZDSUhNMG9nS0VJQ0FnSUNJM0plYVdREAE!2m1!1s0x0:0x87bfa17c4a55ca2f!3m1!1s2@1:CIHM0ogKEICAgICI3JeaWQ%7C%7C?hl=en","110754179871555890335","0","https://lh3.googleusercontent.com/a/ACg8ocJ2U2ywdTaBw8SiePxlZqyHIagGRGhmIR64tCF2mx49NlDznQ=s1920-c-rp-mo-br100","https://www.google.com/maps/contrib/110754179871555890335?hl=en","51","2025-09-22T03:34:22.153Z","Direct Detail URL: https://www.google.com/maps/place/Tiwi+Islands/@-11.5160547,129.4621993,8z/data=!3m1!4b1!4m6!3m5!1s0x2cc21adaac8c81d5:0x87bfa17c4a55ca2f!8m2!3d-11.6968879!4d130.8778586!16zL20vMDVmcTFn?entry=ttu&g_ep=EgoyMDI1MDkxNy4wIKXMDSoASAFQAw%3D%3D","5","Northern Territory",,"false",,,"Tiwi Islands","4.2",,"https://www.google.com/maps/search/?api=1&query=Tiwi%20Islands&query_place_id=ChIJ1YGMrNoawiwRL8pVSnyhv4c",
"Tiwi Islands NT 0822, Australia","Island","Island","9781714470867159599","Tiwi Islands","AU","0x2cc21adaac8c81d5:0x87bfa17c4a55ca2f","https://lh3.googleusercontent.com/gps-cs-s/AC9h4nq9pbKt8aVTvGCe3h23Zo5WTo8sSeJmkHV9l_ADKEF-C1O0mim5xtoPTryp9uysv8JJIq9GjvolrighCKFgkHPsFHdNWdi5czpbgnKs6ehPY6CESU6smKzUALki4ikcmcxqQ866=w426-h240-k-no","false","true","en","0","-11.6968879","130.8778586","Ram Dani",,"id","false","ChIJ1YGMrNoawiwRL8pVSnyhv4c",,,"7 years ago","2018-08-26T04:55:28.667Z",,,,"ChZDSUhNMG9nS0VJQ0FnSURnczVIN1F3EAE",,,,,,,,,,,,,,,,,,,,,,,,,,,,,,,,,,,,,"Google","https://www.google.com/maps/reviews/data=!4m8!14m7!1m6!2m5!1sChZDSUhNMG9nS0VJQ0FnSURnczVIN1F3EAE!2m1!1s0x0:0x87bfa17c4a55ca2f!3m1!1s2@1:CIHM0ogKEICAgIDgs5H7Qw%7C%7C?hl=en","104496826082138530587","9","https://lh3.googleusercontent.com/a-/ALV-UjXNRBi8GaWumAif4lg_ipix241AQnGOC5AL-rBFy1YNHsYAxWd1=s1920-c-rp-mo-ba3-br100","https://www.google.com/maps/contrib/104496826082138530587?hl=en","51","2025-09-22T03:34:22.153Z","Direct Detail URL: https://www.google.com/maps/place/Tiwi+Islands/@-11.5160547,129.4621993,8z/data=!3m1!4b1!4m6!3m5!1s0x2cc21adaac8c81d5:0x87bfa17c4a55ca2f!8m2!3d-11.6968879!4d130.8778586!16zL20vMDVmcTFn?entry=ttu&g_ep=EgoyMDI1MDkxNy4wIKXMDSoASAFQAw%3D%3D","3","Northern Territory",,"false","Saya suka karena saya melihat posisi penduduk nya bagus sekali dekat dengan laut dan sisa nya tumbuhan hijau. Bagus sekali...!!!!","I like it because I see the residents' location is so good, close to the sea and the remaining greenery. It's so beautiful...!!!!","Tiwi Islands","4.2","en","https://www.google.com/maps/search/?api=1&query=Tiwi%20Islands&query_place_id=ChIJ1YGMrNoawiwRL8pVSnyhv4c",
"Tiwi Islands NT 0822, Australia","Island","Island","9781714470867159599","Tiwi Islands","AU","0x2cc21adaac8c81d5:0x87bfa17c4a55ca2f","https://lh3.googleusercontent.com/gps-cs-s/AC9h4nq9pbKt8aVTvGCe3h23Zo5WTo8sSeJmkHV9l_ADKEF-C1O0mim5xtoPTryp9uysv8JJIq9GjvolrighCKFgkHPsFHdNWdi5czpbgnKs6ehPY6CESU6smKzUALki4ikcmcxqQ866=w426-h240-k-no","false","false","en","0","-11.6968879","130.8778586","Sue corry",,,"false","ChIJ1YGMrNoawiwRL8pVSnyhv4c",,,"7 years ago","2018-04-09T01:15:51.130Z",,,,"ChdDSUhNMG9nS0VJQ0FnSURnMmNlTDVRRRAB",,,,,,,,,,,,,,,,,,,,,,,,,,,,,,,,,,,,,"Google","https://www.google.com/maps/reviews/data=!4m8!14m7!1m6!2m5!1sChdDSUhNMG9nS0VJQ0FnSURnMmNlTDVRRRAB!2m1!1s0x0:0x87bfa17c4a55ca2f!3m1!1s2@1:CIHM0ogKEICAgIDg2ceL5QE%7C%7C?hl=en","100207192671270869565","14","https://lh3.googleusercontent.com/a/ACg8ocKHgK0TC_svUhyY6W4KaW-Zzxx8Ae-8lYhuJe-3_nnUZQgdkg=s1920-c-rp-mo-br100","https://www.google.com/maps/contrib/100207192671270869565?hl=en","51","2025-09-22T03:34:22.153Z","Direct Detail URL: https://www.google.com/maps/place/Tiwi+Islands/@-11.5160547,129.4621993,8z/data=!3m1!4b1!4m6!3m5!1s0x2cc21adaac8c81d5:0x87bfa17c4a55ca2f!8m2!3d-11.6968879!4d130.8778586!16zL20vMDVmcTFn?entry=ttu&g_ep=EgoyMDI1MDkxNy4wIKXMDSoASAFQAw%3D%3D","4","Northern Territory",,"false",,,"Tiwi Islands","4.2",,"https://www.google.com/maps/search/?api=1&query=Tiwi%20Islands&query_place_id=ChIJ1YGMrNoawiwRL8pVSnyhv4c",
"Tiwi Islands NT 0822, Australia","Island","Island","9781714470867159599","Tiwi Islands","AU","0x2cc21adaac8c81d5:0x87bfa17c4a55ca2f","https://lh3.googleusercontent.com/gps-cs-s/AC9h4nq9pbKt8aVTvGCe3h23Zo5WTo8sSeJmkHV9l_ADKEF-C1O0mim5xtoPTryp9uysv8JJIq9GjvolrighCKFgkHPsFHdNWdi5czpbgnKs6ehPY6CESU6smKzUALki4ikcmcxqQ866=w426-h240-k-no","false","true","en","0","-11.6968879","130.8778586","Scott Taylor",,,"false","ChIJ1YGMrNoawiwRL8pVSnyhv4c",,,"7 years ago","2017-10-07T01:30:47.563Z",,,,"ChZDSUhNMG9nS0VJQ0FnSURBek02dUJnEAE",,,,,,,,,,,,,,,,,,,,,,,,,,,,,,,,,,,,,"Google","https://www.google.com/maps/reviews/data=!4m8!14m7!1m6!2m5!1sChZDSUhNMG9nS0VJQ0FnSURBek02dUJnEAE!2m1!1s0x0:0x87bfa17c4a55ca2f!3m1!1s2@1:CIHM0ogKEICAgIDAzM6uBg%7C%7C?hl=en","102907798402726760069","13","https://lh3.googleusercontent.com/a-/ALV-UjV7tBCcw-uV5aq7DT1shssZuaLDaIIGR8kmxzV_1P4D5kmLYQSyBQ=s1920-c-rp-mo-ba2-br100","https://www.google.com/maps/contrib/102907798402726760069?hl=en","51","2025-09-22T03:34:22.153Z","Direct Detail URL: https://www.google.com/maps/place/Tiwi+Islands/@-11.5160547,129.4621993,8z/data=!3m1!4b1!4m6!3m5!1s0x2cc21adaac8c81d5:0x87bfa17c4a55ca2f!8m2!3d-11.6968879!4d130.8778586!16zL20vMDVmcTFn?entry=ttu&g_ep=EgoyMDI1MDkxNy4wIKXMDSoASAFQAw%3D%3D","5","Northern Territory",,"false",,,"Tiwi Islands","4.2",,"https://www.google.com/maps/search/?api=1&query=Tiwi%20Islands&query_place_id=ChIJ1YGMrNoawiwRL8pVSnyhv4c",
"Tiwi Islands NT 0822, Australia","Island","Island","9781714470867159599","Tiwi Islands","AU","0x2cc21adaac8c81d5:0x87bfa17c4a55ca2f","https://lh3.googleusercontent.com/gps-cs-s/AC9h4nq9pbKt8aVTvGCe3h23Zo5WTo8sSeJmkHV9l_ADKEF-C1O0mim5xtoPTryp9uysv8JJIq9GjvolrighCKFgkHPsFHdNWdi5czpbgnKs6ehPY6CESU6smKzUALki4ikcmcxqQ866=w426-h240-k-no","false","false","en","0","-11.6968879","130.8778586","Ivando Ivan",,,"false","ChIJ1YGMrNoawiwRL8pVSnyhv4c",,,"8 years ago","2017-08-15T09:13:42.946Z",,,,"ChdDSUhNMG9nS0VJQ0FnSURRbzVieTh3RRAB",,,,,,,,,,,,,,,,,,,,,,,,,,,,,,,,,,,,,"Google","https://www.google.com/maps/reviews/data=!4m8!14m7!1m6!2m5!1sChdDSUhNMG9nS0VJQ0FnSURRbzVieTh3RRAB!2m1!1s0x0:0x87bfa17c4a55ca2f!3m1!1s2@1:CIHM0ogKEICAgIDQo5by8wE%7C%7C?hl=en","103759957500088155018","0","https://lh3.googleusercontent.com/a-/ALV-UjXCqa4yO0NMyNdn1-_xmqz4K89xSOk2W2bl9jwV4b5xbjICPYw=s1920-c-rp-mo-br100","https://www.google.com/maps/contrib/103759957500088155018?hl=en","51","2025-09-22T03:34:22.153Z","Direct Detail URL: https://www.google.com/maps/place/Tiwi+Islands/@-11.5160547,129.4621993,8z/data=!3m1!4b1!4m6!3m5!1s0x2cc21adaac8c81d5:0x87bfa17c4a55ca2f!8m2!3d-11.6968879!4d130.8778586!16zL20vMDVmcTFn?entry=ttu&g_ep=EgoyMDI1MDkxNy4wIKXMDSoASAFQAw%3D%3D","5","Northern Territory",,"false",,,"Tiwi Islands","4.2",,"https://www.google.com/maps/search/?api=1&query=Tiwi%20Islands&query_place_id=ChIJ1YGMrNoawiwRL8pVSnyhv4c",
"Tiwi Islands NT 0822, Australia","Island","Island","9781714470867159599","Tiwi Islands","AU","0x2cc21adaac8c81d5:0x87bfa17c4a55ca2f","https://lh3.googleusercontent.com/gps-cs-s/AC9h4nq9pbKt8aVTvGCe3h23Zo5WTo8sSeJmkHV9l_ADKEF-C1O0mim5xtoPTryp9uysv8JJIq9GjvolrighCKFgkHPsFHdNWdi5czpbgnKs6ehPY6CESU6smKzUALki4ikcmcxqQ866=w426-h240-k-no","false","false","en","0","-11.6968879","130.8778586","Kaldon Damen",,,"false","ChIJ1YGMrNoawiwRL8pVSnyhv4c",,,"8 years ago","2017-05-26T02:14:06.944Z",,,,"ChZDSUhNMG9nS0VJQ0FnSURBcUlDR09nEAE",,,,,,,,,,,,,,,,,,,,,,,,,,,,,,,,,,,,,"Google","https://www.google.com/maps/reviews/data=!4m8!14m7!1m6!2m5!1sChZDSUhNMG9nS0VJQ0FnSURBcUlDR09nEAE!2m1!1s0x0:0x87bfa17c4a55ca2f!3m1!1s2@1:CIHM0ogKEICAgIDAqICGOg%7C%7C?hl=en","108909255473631115715","0","https://lh3.googleusercontent.com/a/ACg8ocKjcZPQQtotS9XRgSLmdjRjnDn6Ob9WxwLuZ0Kj-CMrRm57uQ=s1920-c-rp-mo-br100","https://www.google.com/maps/contrib/108909255473631115715?hl=en","51","2025-09-22T03:34:22.153Z","Direct Detail URL: https://www.google.com/maps/place/Tiwi+Islands/@-11.5160547,129.4621993,8z/data=!3m1!4b1!4m6!3m5!1s0x2cc21adaac8c81d5:0x87bfa17c4a55ca2f!8m2!3d-11.6968879!4d130.8778586!16zL20vMDVmcTFn?entry=ttu&g_ep=EgoyMDI1MDkxNy4wIKXMDSoASAFQAw%3D%3D","5","Northern Territory",,"false",,,"Tiwi Islands","4.2",,"https://www.google.com/maps/search/?api=1&query=Tiwi%20Islands&query_place_id=ChIJ1YGMrNoawiwRL8pVSnyhv4c",
"Tiwi Islands NT 0822, Australia","Island","Island","9781714470867159599","Tiwi Islands","AU","0x2cc21adaac8c81d5:0x87bfa17c4a55ca2f","https://lh3.googleusercontent.com/gps-cs-s/AC9h4nq9pbKt8aVTvGCe3h23Zo5WTo8sSeJmkHV9l_ADKEF-C1O0mim5xtoPTryp9uysv8JJIq9GjvolrighCKFgkHPsFHdNWdi5czpbgnKs6ehPY6CESU6smKzUALki4ikcmcxqQ866=w426-h240-k-no","false","false","en","0","-11.6968879","130.8778586","Chris Watt",,,"false","ChIJ1YGMrNoawiwRL8pVSnyhv4c",,,"8 years ago","2017-03-11T21:43:58.646Z",,,,"ChZDSUhNMG9nS0VJQ0FnSUNBOEtlOEtREAE",,,,,,,,,,,,,,,,,,,,,,,,,,,,,,,,,,,,,"Google","https://www.google.com/maps/reviews/data=!4m8!14m7!1m6!2m5!1sChZDSUhNMG9nS0VJQ0FnSUNBOEtlOEtREAE!2m1!1s0x0:0x87bfa17c4a55ca2f!3m1!1s2@1:CIHM0ogKEICAgICA8Ke8KQ%7C%7C?hl=en","105580039004744516512","3","https://lh3.googleusercontent.com/a/ACg8ocLlNH9O4XySZCfz9w_83fkFL05azLonStqkqPFEwRP9NmI_qA=s1920-c-rp-mo-br100","https://www.google.com/maps/contrib/105580039004744516512?hl=en","51","2025-09-22T03:34:22.153Z","Direct Detail URL: https://www.google.com/maps/place/Tiwi+Islands/@-11.5160547,129.4621993,8z/data=!3m1!4b1!4m6!3m5!1s0x2cc21adaac8c81d5:0x87bfa17c4a55ca2f!8m2!3d-11.6968879!4d130.8778586!16zL20vMDVmcTFn?entry=ttu&g_ep=EgoyMDI1MDkxNy4wIKXMDSoASAFQAw%3D%3D","5","Northern Territory",,"false",,,"Tiwi Islands","4.2",,"https://www.google.com/maps/search/?api=1&query=Tiwi%20Islands&query_place_id=ChIJ1YGMrNoawiwRL8pVSnyhv4c",
"Tiwi Islands NT 0822, Australia","Island","Island","9781714470867159599","Tiwi Islands","AU","0x2cc21adaac8c81d5:0x87bfa17c4a55ca2f","https://lh3.googleusercontent.com/gps-cs-s/AC9h4nq9pbKt8aVTvGCe3h23Zo5WTo8sSeJmkHV9l_ADKEF-C1O0mim5xtoPTryp9uysv8JJIq9GjvolrighCKFgkHPsFHdNWdi5czpbgnKs6ehPY6CESU6smKzUALki4ikcmcxqQ866=w426-h240-k-no","false","false","en","0","-11.6968879","130.8778586","Brian Fitzpatrick",,,"false","ChIJ1YGMrNoawiwRL8pVSnyhv4c",,,"8 years ago","2017-03-05T02:13:50.343Z",,,,"ChZDSUhNMG9nS0VJQ0FnSUN3cXAtS0JREAE",,,,,,,,,,,,,,,,,,,,,,,,,,,,,,,,,,,,,"Google","https://www.google.com/maps/reviews/data=!4m8!14m7!1m6!2m5!1sChZDSUhNMG9nS0VJQ0FnSUN3cXAtS0JREAE!2m1!1s0x0:0x87bfa17c4a55ca2f!3m1!1s2@1:CIHM0ogKEICAgICwqp-KBQ%7C%7C?hl=en","115818838759656871544","0","https://lh3.googleusercontent.com/a/ACg8ocLxTaLqyjf-H0KxezBtsDj30IPwa4LcoMJGeqyyzQt-3uxyMg=s1920-c-rp-mo-br100","https://www.google.com/maps/contrib/115818838759656871544?hl=en","51","2025-09-22T03:34:22.153Z","Direct Detail URL: https://www.google.com/maps/place/Tiwi+Islands/@-11.5160547,129.4621993,8z/data=!3m1!4b1!4m6!3m5!1s0x2cc21adaac8c81d5:0x87bfa17c4a55ca2f!8m2!3d-11.6968879!4d130.8778586!16zL20vMDVmcTFn?entry=ttu&g_ep=EgoyMDI1MDkxNy4wIKXMDSoASAFQAw%3D%3D","4","Northern Territory",,"false",,,"Tiwi Islands","4.2",,"https://www.google.com/maps/search/?api=1&query=Tiwi%20Islands&query_place_id=ChIJ1YGMrNoawiwRL8pVSnyhv4c",
"Tiwi Islands NT 0822, Australia","Island","Island","9781714470867159599","Tiwi Islands","AU","0x2cc21adaac8c81d5:0x87bfa17c4a55ca2f","https://lh3.googleusercontent.com/gps-cs-s/AC9h4nq9pbKt8aVTvGCe3h23Zo5WTo8sSeJmkHV9l_ADKEF-C1O0mim5xtoPTryp9uysv8JJIq9GjvolrighCKFgkHPsFHdNWdi5czpbgnKs6ehPY6CESU6smKzUALki4ikcmcxqQ866=w426-h240-k-no","false","false","en","0","-11.6968879","130.8778586","Abigail Sanchez Teseyra",,"es","false","ChIJ1YGMrNoawiwRL8pVSnyhv4c",,,"8 years ago","2017-03-01T03:50:51.343Z",,,,"ChZDSUhNMG9nS0VJQ0FnSURRbzgtZElnEAE",,,,,,,,,,,,,,,,,,,,,,,,,,,,,,,,,,,,,"Google","https://www.google.com/maps/reviews/data=!4m8!14m7!1m6!2m5!1sChZDSUhNMG9nS0VJQ0FnSURRbzgtZElnEAE!2m1!1s0x0:0x87bfa17c4a55ca2f!3m1!1s2@1:CIHM0ogKEICAgIDQo8-dIg%7C%7C?hl=en","102896010458894843741","1","https://lh3.googleusercontent.com/a/ACg8ocJBdv0OMcIrPi3sCX8fTFelMqhYJvezAPymUDlVJfsxiTc5tA=s1920-c-rp-mo-br100","https://www.google.com/maps/contrib/102896010458894843741?hl=en","51","2025-09-22T03:34:22.153Z","Direct Detail URL: https://www.google.com/maps/place/Tiwi+Islands/@-11.5160547,129.4621993,8z/data=!3m1!4b1!4m6!3m5!1s0x2cc21adaac8c81d5:0x87bfa17c4a55ca2f!8m2!3d-11.6968879!4d130.8778586!16zL20vMDVmcTFn?entry=ttu&g_ep=EgoyMDI1MDkxNy4wIKXMDSoASAFQAw%3D%3D","5","Northern Territory",,"false","es pacífico lindo","It is peaceful and beautiful","Tiwi Islands","4.2","en","https://www.google.com/maps/search/?api=1&query=Tiwi%20Islands&query_place_id=ChIJ1YGMrNoawiwRL8pVSnyhv4c",
